,date,user,text,result
0,2020/3/14 1:33,KAClNE,#sad #annoyed #noonetext,#sad #annoyed #noonetext
1,2020/3/14 1:37,brysknees,RT @KAClNE: #sad #annoyed #noonetext,#sad #annoyed #noonetext
2,2020/3/14 1:39,Mugetsu66026671,RT @xxxCumJunkiexxx: Angry girl. ,angry girl
3,2020/3/14 1:50,LaurenABrignac,Those of u that feel the need to stockpile hand wipes,those that feel need stockpile hand wipes
4,2020/3/14 1:52,Austin_Brink,RT @LaurenABrignac: Those of u that feel the need to stockpile hand wipes,those that feel need stockpile hand wipes
5,2020/3/14 1:55,Glovjuice,#sore hi serge I鈥檓 free to quarantine with you on Monday or any other day next week. are you also free because I wanna quarantine with you on Monday or any other day. Plz let me know if you are free on Monday to quarantine or any other day because I would like to quarantine with you https://t.co/bJ1jf9E0BV,#sore serge free quarantine with monday other next week also free because wanna quarantine with monday other know free monday quarantine other because would like quarantine with
6,2020/3/14 1:55,DesiDancer01,Alright I'm taking a nap. Wake me up when everything is dealt with馃う馃徎鈥嶁檧锔忦煓堭煉. #tired #annoyed #frustrated #FridayFeeling,alright taking wake when everything dealt with #tired #annoyed #frustrated #fridayfeeling
7,2020/3/14 2:02,Crazy4Swayze420,Hulkbuster vinyl pop figure.,hulkbuster vinyl figure
8,2020/3/14 2:09,avocadofatty,@ayexmadeline Mines still deciding lmao honestly they can鈥檛 even decide how finals will take place and they are next week #annoyed,mines still deciding lmao honestly they even decide finals will take place they next week #annoyed
9,2020/3/14 2:12,MrsKeay,Ugh. @hotelsdotcom is not returning any calls/messages. Literally hanging up on me without answering. SO FRUSTRATING. The website doesn鈥檛 work and I cannot get through! I need to cancel a reservation for this weekend! #annoyed,returning calls messages literally hanging without answering frustrating website doesn work cannot through need cancel reservation this weekend #annoyed
10,2020/3/14 2:13,always_luckyy_,Bought a new perfume and I thought it was a certain scent. I sprayed it and it smells like a fucking bouquet of flowers. I loathe floral smelling perfumes 馃あ馃あ馃あ馃あ #angry,bought perfume thought certain scent sprayed smells like fucking bouquet flowers loathe floral smelling perfumes #angry
11,2020/3/14 2:23,RovinMauhay,laHat na lang naWala sa aMen haysSt :(((( hUhUhu #painful #depressing #IneedcoMforT,lahat lang nawala amen haysst huhuhu #painful #depressing #ineedcomfort
12,2020/3/14 2:23,jarrynashhhhh,RT @RovinMauhay: laHat na lang naWala sa aMen haysSt :(((( hUhUhu #painful #depressing #IneedcoMforT,lahat lang nawala amen haysst huhuhu #painful #depressing #ineedcomfort
13,2020/3/14 2:35,Mellzii2,Soooo much noise #annoyed,soooo much noise #annoyed
14,2020/3/14 2:38,queenie_pinkzz,This thing better be under control time I ready to leave Bim #annoyed,this thing better under control time ready leave #annoyed
15,2020/3/14 2:39,AlisonGF_2018,#annoyed,#annoyed
16,2020/3/14 2:42,PuneetSodhi4,RT @TheTwinPowers: Seeing cruelty can make us #angry instead let it strengthen your resolve to be compassionate and #loving. ,seeing cruelty make #angry instead strengthen your resolve compassionate #loving
17,2020/3/14 3:04,MilwaukeeHotBuy,RT @MilwaukeeHotBuy: Corona Virus- Calming Your Children's Fears! https://t.co/ptkpsra7Hc #denver,corona virus calming your children fears #denver
18,2020/3/14 3:05,BretSinclairOf1,This is the crowds at the local supermarket in Taguig. Everyone is panic buying cos of the #covid19 God help us,this crowds local supermarket taguig everyone panic buying #covid help
19,2020/3/14 3:05,KatieMettner,RT @MaryLSchmidt: "This is a book you鈥檒l long remember after reading the final pages" Book available @TatteredCover in #Denver #Colorado on鈥,this book long remember after reading final pages book available #denver #colorado
20,2020/3/14 3:08,elohel_lim,You know it鈥檚 real when your mail man hands you a certified mail from your doctor. Lol sorry I鈥檝e been neglecting my appointments and lab work . #annoyed,know real when your mail hands certified mail from your doctor sorry been neglecting appointments work #annoyed
21,2020/3/14 3:08,GiaValverde,RT @CocoDavies: Many folks do not have the option to work from home. Many of my artist-friends have lost valuable gigs+day job work &amp; need鈥,many folks have option work from home many artist friends have lost valuable gigs work need
22,2020/3/14 3:09,RealVickyVixxx,#Denver added to my travel plans,#denver added travel plans
23,2020/3/14 3:10,SamsAutomotive,https://t.co/D3rvAzDUOd Black 2018 Ford Fusion SE FWD. 37 894 miles. #Ford #Fusion #Denver #SamsAutomotive,black ford fusion miles #ford #fusion #denver #samsautomotive
24,2020/3/14 3:10,nikki6640,Come lick my pussy until I fall asleep #Denver   #rain #kerala https://t.co/iRsIXKd9be,come lick pussy until fall asleep #denver #rain #kerala
25,2020/3/14 3:11,Aashi07Sinha,@airindiain Need assistance on cancellation of my ticket from Delhi to San Francisco due to COVID-19 travel restrictions. Trying to contact customer support for the last two days #no response #disappointed kindly respond #URGENTREQUEST #CoronavirusPandemic,need assistance cancellation ticket from delhi francisco covid travel restrictions trying contact customer support last days response #disappointed kindly respond #urgentrequest #coronaviruspandemic
26,2020/3/14 3:11,maleficusuxorem,RT @CocoDavies: Many folks do not have the option to work from home. Many of my artist-friends have lost valuable gigs+day job work &amp; need鈥,many folks have option work from home many artist friends have lost valuable gigs work need
27,2020/3/14 3:12,SaiyanChristie,@dominos I can鈥檛 believe you would hire someone who would commit such a crime against an innocent pizza. One of your drivers literally threw the pizza bag with our pizza and breadsticks out of his vehicle down the street from our house. It鈥檚 raining too. #disappointed https://t.co/5wnoZUBh6G,believe would hire someone would commit such crime against innocent pizza your drivers literally threw pizza with pizza breadsticks vehicle down street from house raining #disappointed
28,2020/3/14 3:12,ForevaaaVibes,Cool spots to kick it on a Friday night in #Denver? Let me knoooow.,cool spots kick friday night #denver knoooow
29,2020/3/14 3:15,007_Gotti,Who in #Denver can tell me or show me the good #clubs here?,#denver tell show good #clubs here
30,2020/3/14 3:15,GoddessVickyV,RT @RealVickyVixxx: #Denver added to my travel plans,#denver added travel plans
31,2020/3/14 3:19,GabrielaAMohr,The lovely North Denver community stepping up as always. If you are privileged and inclined to help I encourage you to! #Denver #HumanityFirst #community https://t.co/YfJ3gpWtp0,lovely north denver community stepping always privileged inclined help encourage #denver #humanityfirst #community
32,2020/3/14 3:20,DanielRCrosier,Here鈥檚 a mural design for Mutiny Cafe! #mural #painting #art #ink #design #muraldesign #denvermurals #artist #lines #drawing #illustration #pma #positivementalattitude #coffee #flow #denver #denverart #danielcrosier鈥 https://t.co/tjC9Zrlakx,here mural design mutiny cafe #mural #painting #art #ink #design #muraldesign #denvermurals #artist #lines #drawing #illustration #pma #positivementalattitude #coffee #flow #denver #denverart #danielcrosier
33,2020/3/14 3:20,Spider_Gina,RT @DanielRCrosier: Here鈥檚 a mural design for Mutiny Cafe! #mural #painting #art #ink #design #muraldesign #denvermurals #artist #lines #dr鈥,here mural design mutiny cafe #mural #painting #art #ink #design #muraldesign #denvermurals #artist #lines
34,2020/3/14 3:21,TrashTVDumpster,Just visited Walmart in Denver tonight  only filet mignon in the frozen isle 馃槼馃槼 #coronapocalypse #coronavirus #Denver #Walmart #CoronaOutbreak https://t.co/QC9AzavSEQ,just visited walmart denver tonight only filet mignon frozen isle #coronapocalypse #coronavirus #denver #walmart #coronaoutbreak
35,2020/3/14 3:21,DaybreakApril,#birthdayweekend #tranquility #spaday #selfcare 馃嶵his is the prettiest and most peaceful place to get a massage or facial in #Denver @ Eden Life Spa https://t.co/c1aT8l4poo,#birthdayweekend #tranquility #spaday #selfcare prettiest most peaceful place massage facial #denver eden life
36,2020/3/14 3:24,SouthbaySerg,https://t.co/w2HA0WuCTn,
37,2020/3/14 3:26,yreintegration,When you find yourself in the middle of #hardship  #anger,when find yourself middle #hardship #anger
38,2020/3/14 3:26,SouthbaySerg,https://t.co/w2HA0WuCTn,
39,2020/3/14 3:26,e_veritas_unum,RT @TrashTVDumpster: Just visited Walmart in Denver tonight,just visited walmart denver tonight
40,2020/3/14 3:27,bonjourshareen,RT @TrashTVDumpster: Just visited Walmart in Denver tonight,just visited walmart denver tonight
41,2020/3/14 3:27,EmmaKCarroll13,Shoutout to @Target for canceling my preorder,shoutout canceling preorder
42,2020/3/14 3:28,Star_Barz_7,She Always blowing up my phone on messenger ugh omg. It鈥檚 annoying and overwhelming for me and it gets on my nerves and it鈥檚 very irritating. It makes me mad. Wow. 馃う鈥嶁檧锔忦煒戰煒,always blowing phone messenger annoying overwhelming gets nerves very irritating makes
43,2020/3/14 3:28,subtle__poet,馃槥馃枻,
44,2020/3/14 3:30,CubaLibreHoy,RT @FelixLlerenaCUB: Luego de regresar de Tennessee  me he trasladado a #Denver #Colora鈥,luego regresar tennessee trasladado #denver #colora
45,2020/3/14 3:30,courtney_fromm,RT @dago_deportes: A friendly reminder for #Denver residents &amp; everyone really. Only flush #toiletpaper. Don't flush any other paper substi鈥,friendly reminder #denver residents everyone really only flush #toiletpaper flush other paper substi
46,2020/3/14 3:31,_DenverWeather,Denver,denver
47,2020/3/14 3:32,that5280lady,My art on a variety of products including fanny packs! ,variety products including fanny packs
48,2020/3/14 3:33,cameroncraig,We are #hiring Control Panel Builder in Denver,#hiring control panel builder denver
49,2020/3/14 3:34,cameroncraig,We are #hiring Controls Engineer in Denver,#hiring controls engineer denver
50,2020/3/14 3:34,cameroncraig,We are #hiring Automation Project Manager in Denver,#hiring automation project manager denver
51,2020/3/14 3:35,DanielleLilyS,I just updated my site with 15 brand new pix!,just updated site with brand
52,2020/3/14 3:37,JaruagX,RT @defakto_umetnik: Ma ko jebe koronu 馃槈,jebe koronu
53,2020/3/14 3:40,DJSKRIBBLE,Due to our current events better safe than sorry #denver @barstandard we are only postponed I will be back and gonna give y鈥檃ll the #marathon set 馃暫馃徏馃暫馃徏馃暫馃徏馃暫馃徏 鉂わ笍 u guys!!! @delta get me home!!!! #djlife #denver https://t.co/r54strSKnq,current events better safe than sorry #denver only postponed will back gonna give #marathon guys home #djlife #denver
54,2020/3/14 3:42,therealrussellp,Look who鈥檚 still doing shows all weekend @comedyworks that鈥檚 right... ME!!! #CantStopWontStop #NoRonaVirus #Denver #31YrsInTheGame #CantKnockMyHustle #RussellPeters https://t.co/CC7elv5esG,look still doing shows weekend that right #cantstopwontstop #noronavirus #denver yrsinthegame #cantknockmyhustle #russellpeters
55,2020/3/14 3:42,StreamingFrom,@escapemovie2020 Watch #EscapeFromPretoria in AMERICAN CINEMAS - keep retweeting! #LosAngeles #WashingtonDC  #Denver,watch #escapefrompretoria american cinemas keep retweeting #losangeles #washingtondc #denver
56,2020/3/14 3:43,Yenni5683,I'm just so fucking angry all the time and I hate it馃槨馃槱 #tiredofthishit #justkillmenow #angry,just fucking angry time hate #tiredofthishit #justkillmenow #angry
57,2020/3/14 3:45,shanemcbarber1,The weekend starts now! Excited to try this! #barber #denver #beer https://t.co/h72HvBCYwA,weekend starts excited this #barber #denver #beer
58,2020/3/14 3:47,stridechc_jobs,We're hiring! Read about our latest job opening here: Practice Administrator (PA) Level 2 - https://t.co/FAMRhiCs3T #Healthcare #Denver,hiring read about latest opening here practice administrator level #healthcare #denver
59,2020/3/14 3:47,nixx_nixxon,@pepsicenter file defamation and degredation law suits....,file defamation degredation suits
60,2020/3/14 3:50,leith_cassie,RT @AlisonGF_2018: #annoyed,#annoyed
61,2020/3/14 3:51,deandelray,Love That Place Look who鈥檚 still doing shows all weekend @comedyworks that鈥檚 right... ME!!! #CantStopWontStop #NoRonaVirus #Denver #31YrsInTheGame #CantKnockMyHustle #RussellPeters https://t.co/CC7elv5esG,love that place look still doing shows weekend that right #cantstopwontstop #noronavirus #denver yrsinthegame #cantknockmyhustle #russellpeters
62,2020/3/14 3:53,nixx_nixxon,@pepsicenter #Denver,#denver
63,2020/3/14 3:56,cjdotma,#Denver ,#denver
64,2020/3/14 3:57,tareq_cse,@nuageapp Trying to renew a domain,trying renew domain
65,2020/3/14 3:58,RideDatPonyToni,I鈥檝e been scrolling for 2 hours on every social media and EVERY. SINGLE. POST etc. I鈥檓 logging off of socials (except twitter &amp; snap obvi) until the population fucking chills out and stops buying LITERALLY EVERYTHING.  #annoyed,been scrolling hours every social media every single post logging socials except twitter snap obvi until population fucking chills stops buying literally everything #annoyed
66,2020/3/14 3:59,Aijaz4200,RT @therealrussellp: Look who鈥檚 still doing shows all weekend @comedyworks that鈥檚 right... ME!!! #CantStopWontStop #NoRonaVirus #Denver #31鈥,look still doing shows weekend that right #cantstopwontstop #noronavirus #denver
67,2020/3/14 4:01,KaylaMascho34,RT @_brittany_leigh: PSA: if you DO NOT HAVE CHILDREN. DO NOT BUY BABY WIPES. Wipe your asses with paper towels for all I care. LEAVE THE W鈥,have children baby wipes wipe your asses with paper towels care leave
68,2020/3/14 4:02,NamazianEmmad,RT @DenverStrippers: Vail Strippers for Bachelor Parties (720)897-6155,vail strippers bachelor parties
69,2020/3/14 4:04,Stephanie89881,I post my sex videos here 馃憠 #Denver   #line #skype https://t.co/j2yeFHXwkl,post videos here #denver #line #skype
70,2020/3/14 4:04,_Lady_Dee,Little effort ... #disappointed,little effort #disappointed
71,2020/3/14 4:04,SteveDavidMike2,RT @therealrussellp: Look who鈥檚 still doing shows all weekend @comedyworks that鈥檚 right... ME!!! #CantStopWontStop #NoRonaVirus #Denver #31鈥,look still doing shows weekend that right #cantstopwontstop #noronavirus #denver
72,2020/3/14 4:04,Ambitious_Lynch,Team Empathy First Media throwing down in #denver https://t.co/SDS07LuM6d,team empathy first media throwing down #denver
73,2020/3/14 4:04,FirstEmpathy,RT @Ambitious_Lynch: Team Empathy First Media throwing down in #denver https://t.co/SDS07LuM6d,team empathy first media throwing down #denver
74,2020/3/14 4:04,sarahdkorn,RT @aceslowman: Start volunteering in your area if you can  do grocery and pharmacy runs for those who can't leave home #denver #covid19  h鈥,start volunteering your area grocery pharmacy runs those leave home #denver #covid
75,2020/3/14 4:05,VectorFiveUS,#Opportunities for Facilities Security Officer in Denver,#opportunities facilities security officer denver
76,2020/3/14 4:06,firstseekHim,RT @firstseekHim: of OTHERS. Our #words of #TRUTH WILL #PIERCE THEIR #SOULS. #SOME WILL be #convicted &amp; #YIELD to the #leading of the #SPIR鈥,others #words #truth will #pierce their #souls #some will #convicted #yield #leading #spir
77,2020/3/14 4:07,IkonnPoloDonn,Look Mom I'm on TV at DIA ,look
78,2020/3/14 4:08,sonalisingh87,@amazon - extremely poor service when it comes to refund for missing orders. There seems to be no coordination between your customer sevice desk and logistics team. Very very disappointed. #poorservice #badservice #disappointed,extremely poor service when comes refund missing orders there seems coordination between your customer sevice desk logistics team very very disappointed #poorservice #badservice #disappointed
79,2020/3/14 4:09,hook_forever,Denver ATTENTION DENVER: Did you know our city is considering spending $100 MILLION (and likely more) to renovate the 16th St. Mall?,denver attention denver know city considering spending million likely more renovate mall
80,2020/3/14 4:09,Disenchantednu1,RT @Disenchantednu1: @nmcnews You cant seriously be considering this? How is this protecting the new and existing  staff,cant seriously considering this this protecting existing staff
81,2020/3/14 4:11,wkenney,I鈥檝e been watching this documentary @NotJackKemp recommended for twenty minutes now and the only killing so far was done by a stupid mouse. #disappointed,been watching this documentary recommended twenty minutes only killing done stupid mouse #disappointed
82,2020/3/14 4:12,AuroraFatum,What's with all the logo design companies friending me with the same art pics displayed? #annoyed. 馃槫,what with logo design companies friending with same pics displayed #annoyed
83,2020/3/14 4:12,Peto23Rock,Jeff Christensen,jeff christensen
84,2020/3/14 4:13,michelle0423g,RT @Sunleil: #Golf Can Be #Painful :) #ifb https://t.co/SJOF92m0np,#golf #painful #ifb
85,2020/3/14 4:14,francesthenewt,RT @sofia_luisa_: Hey #denver if you need assistance due to COVID-19 or if you want to help  fill out this form to get connected to people鈥,#denver need assistance covid want help fill this form connected people
86,2020/3/14 4:15,5280_Warrior,RT @CocoDavies: Many folks do not have the option to work from home. Many of my artist-friends have lost valuable gigs+day job work &amp; need鈥,many folks have option work from home many artist friends have lost valuable gigs work need
87,2020/3/14 4:15,zavalanche,Grab and go meals for #Denver kids! Spread the news!  families will need extra support. Our Food Security Fund will support children &amp; adults during this trying time. Learn more: https://t.co/IorSFx1xYB https://t.co/UkFN557ogi,grab meals #denver kids spread news families will need extra support food security fund will support children adults during this trying time learn more
88,2020/3/14 4:16,AJITHJI2003,RT @CiniBash: #Vaathi 馃憥 Sorry Guys No Review Video... #disappointed,#vaathi sorry guys review video #disappointed
89,2020/3/14 4:18,Cheria63,RT @ChetStrange: A #coronavirus drive-up testing center in #Denver CO. Photographed for @nytimes https://t.co/OKt7D5iWzb,#coronavirus drive testing center #denver photographed
90,2020/3/14 4:19,MarcReporting,My old newsroom in #Denver.  I know they鈥檙e all working hard despite the challenges @DenverChannel just organized my area &amp; wiped it down with Lysol) https://t.co/UycZX4CBSZ,newsroom #denver know they working hard despite challenges just organized area wiped down with lysol
91,2020/3/14 4:20,ladyofthehour2,馃摚New episode alert! https://t.co/kq2gD9Pagg,episode alert
92,2020/3/14 4:20,ecm_denver,We had a great kickoff tonight! Looking forward to this year鈥檚 volunteer year! 馃檶 #Denver #springkickoff #denvercolorado https://t.co/G9Sx8vSdla,great kickoff tonight looking forward this year volunteer year #denver #springkickoff #denvercolorado
93,2020/3/14 4:20,shanemcbarber1,The weekend starts now! Excited to try this! #barber #denver #beer https://t.co/jyefk8OaTo,weekend starts excited this #barber #denver #beer
94,2020/3/14 4:21,GSW_HOOPS30,@sixsix229 Is this Coronavirus a joke to you sir?? Cause it鈥檚 damaging thousands of people鈥檚 lives!! #disappointed,this coronavirus joke cause damaging thousands people lives #disappointed
95,2020/3/14 4:21,jrdorkin,Hey #Denver - Another great organization to donate resources to is the @dps_foundation . They鈥檝e got a Food Security Fund (helps feed 35k students). ,#denver another great organization donate resources they food security fund helps feed students
96,2020/3/14 4:23,xTendo_Pain,I refuse to get progressive insurance because of their ANNOYING ads on Hulu. 馃槨 #hulu #annoyed,refuse progressive insurance because their annoying hulu #hulu #annoyed
97,2020/3/14 4:25,PomonaMusic,RT @TheHaHaSpot: .,
98,2020/3/14 4:25,PomonaMusic,RT @TheHaHaSpot: .,
99,2020/3/14 4:27,Monique510,Should've bought the meat I wanted last week #annoyed https://t.co/PLfhbIY15o,should bought meat wanted last week #annoyed
100,2020/3/14 4:27,mommye,RT @CensieJ: The SpongeBob Musical Comes To Denver and you need to experience it! ,spongebob musical comes denver need experience
101,2020/3/14 4:29,saffyishere,When one becomes confused about day/ time and rocks up to work 2 hours early! And I finish at midnight! #sillyme #tiredalready #annoyed,when becomes confused about time rocks work hours early finish midnight #sillyme #tiredalready #annoyed
102,2020/3/14 4:30,_DenverWeather,#Denver,#denver
103,2020/3/14 4:30,Felonies4Less,#ColoradoSprings #DUI | Criminal Defense #Lawyer |       https://t.co/frICfe0mgF  |  #Denver #COSprings  #Colorado #DUI #COS https://t.co/gNzLIDecjV,#coloradosprings #dui criminal defense #lawyer #denver #cosprings #colorado #dui #cos
104,2020/3/14 4:32,sfurey,I am so #angry,#angry
105,2020/3/14 4:33,urbano_City,馃寪 Foto tomada en / Picture taken in:,foto tomada picture taken
106,2020/3/14 4:33,CjSAuthor,Knock it off already! #jumani needs to end. This #coronapocalypse and mass #panicbuying has left nothing for anyone else.  ,knock already #jumani needs this #coronapocalypse mass #panicbuying left nothing anyone else
107,2020/3/14 4:34,yman365,I need a real-time domme who will wipe her sweaty feet in my face &amp; use me as a foot slave. I鈥檓 obsessed with women鈥檚 feet. ,need real time domme will wipe sweaty feet face foot slave obsessed with women feet
108,2020/3/14 4:38,GriffenPschigo1,My walkup song this year was Gud Vibrations... I didnt get to vibe to it once #disappointed,walkup song this year vibrations didnt vibe once #disappointed
109,2020/3/14 4:38,forevermamoru,ok i gotta say this shit has to stop why tf are y'all screwing everyone out of tp and wipes and even food! come on people just buy what you need for the month dont take everything off the damn shelves like chill out #annoyed #tpwontsaveyou,gotta this shit stop screwing everyone wipes even food come people just what need month dont take everything damn shelves like chill #annoyed #tpwontsaveyou
110,2020/3/14 4:38,DiamondGirlsOf1,RT @firstseekHim: of OTHERS. Our #words of #TRUTH WILL #PIERCE THEIR #SOULS. #SOME WILL be #convicted &amp; #YIELD to the #leading of the #SPIR鈥,others #words #truth will #pierce their #souls #some will #convicted #yield #leading #spir
111,2020/3/14 4:39,again096,RT @therealrussellp: #SoundOn Although I鈥檓 still out here in these streets and looking forward to seeing you all... Don鈥檛 touch me馃し馃徑鈥嶁檪锔忦煒傪煒 #鈥,#soundon although still here these streets looking forward seeing touch
112,2020/3/14 4:39,daeco_painting,https://t.co/yda11aLqAx #Denver #boulderhousepainters #denevrhousepainters #thorntonhousepainters #cenntenialhousepainters,#denver #boulderhousepainters #denevrhousepainters #thorntonhousepainters #cenntenialhousepainters
113,2020/3/14 4:40,DeannaRadio,Usually my neighborhood is bustling on a Friday night with people being loud on their way to the bars and clubs on Broadway. Tonight it鈥檚 a ghost town. You would never guess it鈥檚 #StPatricksDay weekend. #denver #COVID銉19 https://t.co/AP9mosHVg9,usually neighborhood bustling friday night with people being loud their bars clubs broadway tonight ghost town would never guess #stpatricksday weekend #denver #covid
114,2020/3/14 4:41,KaliDesuAU,RT @Peto23Rock: Jeff Christensen,jeff christensen
115,2020/3/14 4:42,LorenB911,@TuckerCarlson good job tonight pushing the liberal agenda. Fear mongering and politicizing this issue will not help. Your asking a program manager  to count how many pencils are in a workers desk. Ventilators?? Really??? Most are getting better without treatment. #disappointed,good tonight pushing liberal agenda fear mongering politicizing this issue will help your asking program manager count many pencils workers desk ventilators really most getting better without treatment #disappointed
116,2020/3/14 4:42,A_Big_Hell_NO,#Denver #Colorado and anyone else that has COMCAST as a provider-,#denver #colorado anyone else that comcast provider
117,2020/3/14 4:45,septimoartecol,ESPECIAL: Viernes 13 (Parte 23) 馃槇,especial viernes parte
118,2020/3/14 4:47,gilbertscott,Quick! Look Up Denver! The International Space Station is passing overhead March 13,quick look denver international space station passing overhead march
119,2020/3/14 4:48,suzebuff,RT @A_Big_Hell_NO: #Denver #Colorado and anyone else that has COMCAST as a provider-,#denver #colorado anyone else that comcast provider
120,2020/3/14 4:48,Basic_Chunnel,RT @CocoDavies: #Denver/#Colorado: if you have resources/info to share that will help our community with #COVID19 related impacts,#denver #colorado have resources info share that will help community with #covid related impacts
121,2020/3/14 4:49,ZubairAliAwan3,RT @Dani97021: I like kissing your shoulders ,like kissing your shoulders
122,2020/3/14 4:54,hirefantastic,The Trade Desk is looking for a Senior Product Manager  Colorado) #denver #TheTradeDesk https://t.co/3CgCuIKmJ8,trade desk looking senior product manager colorado #denver #thetradedesk
123,2020/3/14 4:57,AliGreen2468,@Dahlia_Sin your attitude was absolutely one of the most embarrassing displays of poor sport I have ever seen. You walked off the stage like a bitch who didn鈥檛 get her way. The drag community and the world now know who you truly are #disappointed #RuPaulsDragRace #rupauldragrace,your attitude absolutely most embarrassing displays poor sport have ever seen walked stage like bitch didn drag community world know truly #disappointed #rupaulsdragrace #rupauldragrace
124,2020/3/14 4:58,A_Big_Hell_NO,Uh oh...,
125,2020/3/14 4:59,AliGreen2468,@Dahlia_Sin explain why you think your face is all you need when you couldn鈥檛 even nail the rap portion of 鈥淧roblem鈥 #disappointed #RuPaulsDragRace #rupauldragrace,explain think your face need when couldn even nail portion roblem #disappointed #rupaulsdragrace #rupauldragrace
126,2020/3/14 4:59,chrishuizar,RT @chrishuizar: See PLENTY more EXCLUSIVE content NOW 馃槼馃槼馃槼,plenty more exclusive content
127,2020/3/14 5:01,babiboi090,RT @chrishuizar: See PLENTY more EXCLUSIVE content NOW 馃槼馃槼馃槼,plenty more exclusive content
128,2020/3/14 5:01,Diana14541,Do you want me to undress online? I have a Beautiful Body (.) (.) ,want undress online have beautiful body
129,2020/3/14 5:02,that5280lady,West Colfax is eerie tonight. Traffic is light. Overhead lights of car lots are off. It's dark and creepy in a different kind of way! ,west colfax eerie tonight traffic light overhead lights lots dark creepy different kind
130,2020/3/14 5:03,platteforum,Important thread about accessing services right now  SNAP and more #Denver,important thread about accessing services right snap more #denver
131,2020/3/14 5:05,BlackHaxk,Not sure what @Ubisoft was thinking with their last update but they officially ruined one of my favorite shooter games  Division 2!  The game now makes my head hurt.  #gaming #disappointed,sure what thinking with their last update they officially ruined favorite shooter games division game makes head hurt #gaming #disappointed
132,2020/3/14 5:06,tesssulaman,And #OurGirls you must 鈥渏ust forget it.鈥 And if you can鈥檛. Get some popcorn. Your choice. ~#DadPsychology (about DISGUSTING 鈥渉urt鈥),#ourgirls must forget some popcorn your choice #dadpsychology about disgusting
133,2020/3/14 5:07,2HappyKittyz,@AudaciousWypipo @datDrewMcManus @FF_fanster @Quiptography @tomselliott @AOC However,however
134,2020/3/14 5:08,I_am_Tippy,@LHSummers  I really wonder why of all the countries you had to choose on Zambia. Deal with your problems and leave zambia out of it. #disappointed ,really wonder countries choose zambia deal with your problems leave zambia #disappointed
135,2020/3/14 5:09,djalexreyes,RT @DJSKRIBBLE: Due to our current events better safe than sorry #denver @barstandard we are only postponed I will be back and gonna give y鈥,current events better safe than sorry #denver only postponed will back gonna give
136,2020/3/14 5:10,Glams_Radio,#Now playing on @Glams_Radio : #Fury (Original Mix) by #Angry Deep! Tune in now and enjoy sound of #DeepHouse #Love #Music,#now playing #fury original #angry deep tune enjoy sound #deephouse #love #music
137,2020/3/14 5:10,FosterCareToday,RT @platteforum: Important thread about accessing services right now,important thread about accessing services right
138,2020/3/14 5:10,marroquindiego,My dear friend taking her very first guitar lesson. 馃槂馃幐 #guitar #lesson #Denver https://t.co/eOjcFThFxy,dear friend taking very first guitar lesson #guitar #lesson #denver
139,2020/3/14 5:11,AuroraJune,Jiving with that social isolation 馃攲  #denver #covid_19 https://t.co/CafesCo58z https://t.co/eLPfY1Qxqf,jiving with that social isolation #denver #covid
140,2020/3/14 5:13,rrent731,Im beginning to think @lyft will just let anyone drive now a days. #annoyed.,beginning think will just anyone drive days #annoyed
141,2020/3/14 5:16,Guira24,RT @FelixLlerenaCUB: Luego de regresar de Tennessee,luego regresar tennessee
142,2020/3/14 5:17,EmpleosIO,#jobs #hiring #Denver #Colorado #USA SAP FI/CO Technology Consulting Manager: We are: Accenture's SAP practice,#jobs #hiring #denver #colorado #usa technology consulting manager accenture practice
143,2020/3/14 5:18,mickolomate,RT @Brill_Brum: @hareandhounds @CCfunkandsoul why on earth have you cancelled tonight,earth have cancelled tonight
144,2020/3/14 5:18,louiee1973,https://t.co/QYPj65zkVI #cornholio #beavis #angry via @gifkeyboard,#cornholio #beavis #angry
145,2020/3/14 5:18,louiee1973,RT @louiee1973: https://t.co/QYPj65zkVI #cornholio #beavis #angry via @gifkeyboard,#cornholio #beavis #angry
146,2020/3/14 5:19,IamForUu,喟啾嵿鞍啾囙爱喟侧眿 喟夃皑啾嵿皑喟啾嵿蔼啾佮啊啾 喟氞翱喟ㄠ睄喟 喟氞翱喟ㄠ睄喟 喟掂翱喟粪隘喟距安喟曕眮 喟曕眾喟啾嵿蔼喟∴眮喟む熬喟..,
147,2020/3/14 5:24,Kiara80541,I want you to scream out my name when you cum #Denver   #snapchat #phonesex https://t.co/MjxVwIvYsy,want scream name when #denver #snapchat #phonesex
148,2020/3/14 5:25,Emily41341,I don鈥檛 like when a guy puts fingers in my pussy. Better fuck #Denver   #young #goddess https://t.co/DD2gkBVJXI,like when puts fingers pussy better fuck #denver #young #goddess
149,2020/3/14 5:26,MarieFromThe303,RT @CocoDavies: #Denver/#Colorado: if you have resources/info to share that will help our community with #COVID19 related impacts,#denver #colorado have resources info share that will help community with #covid related impacts
150,2020/3/14 5:27,mokaonly87,Day 8 #pandemic2020 the federal government has taken over the elevators with wise and friendly messages.,#pandemic federal government taken over elevators with wise friendly messages
151,2020/3/14 5:30,BadCoachRiley,@RealTimers As one of the Democrats from South Dakota,democrats from south dakota
152,2020/3/14 5:30,kidddacoco,RT @chrishuizar: See PLENTY more EXCLUSIVE content NOW 馃槼馃槼馃槼,plenty more exclusive content
153,2020/3/14 5:31,_DenverWeather,#Denver,#denver
154,2020/3/14 5:33,brandy8529,Do you want to watch asrm porn? My sex videos on the site #Denver   #construction #history https://t.co/cjQD7FMX3c,want watch asrm porn videos site #denver #construction #history
155,2020/3/14 5:35,davewoodphoto,Introducing lunapistolera ! ~~~ #burlesque #performer #model #blackandwhite #fishnets #denver #denverphotographer #studiophotography 馃嚨馃嚪 @ Dave Wood Photography https://t.co/36GDHQSDtE,introducing lunapistolera #burlesque #performer #model #blackandwhite #fishnets #denver #denverphotographer #studiophotography dave wood photography
156,2020/3/14 5:36,randyoldscolo,馃槩馃槪馃槦,
157,2020/3/14 5:37,randyoldscolo,RT @that5280lady: West Colfax is eerie tonight. Traffic is light. Overhead lights of car lots are off. It's dark and creepy in a different鈥,west colfax eerie tonight traffic light overhead lights lots dark creepy different
158,2020/3/14 5:37,CocoDavies,"Through [the] database, artists list the skills they have, from IT and communications work to babysitting and accounting. People looking to hire in those areas can use the database to get whatever services they need",through database artists list skills they have from communications work babysitting accounting people looking hire those areas database whatever services they need
159,2020/3/14 5:41,ForevaaaVibes,#Denver nights https://t.co/pcwPOIPVi9,#denver nights
160,2020/3/14 5:43,1CypherSessions,This seems like a good time to reflect on everything that's led up to where things are today on this Friday the 13th in March of 2020. So  let's rewind to this time last year:,this seems like good time reflect everything that where things today this friday march rewind this time last year
161,2020/3/14 5:45,StevenM21937692,Tell Sprint to hurry the hell up with the Android 10 update for the OnePlus 7 pro 5g no joke thinking about switching carriers for that reason!! #annoyed #Sprint #OnePlus7Pro,tell sprint hurry hell with android update oneplus joke thinking about switching carriers that reason #annoyed #sprint #oneplus
162,2020/3/14 5:47,coloexplorer,RT @reybombay: Please help me get all my followers back!!!! #ass #booty #thick #curvy #slut #whore #latina #amateur #bbcaddicted #bj #blowj鈥,please help followers back #ass #booty #thick #curvy #slut #whore #latina #amateur #bbcaddicted #blowj
163,2020/3/14 5:48,Nahuel81246915,RT @chrishuizar: See PLENTY more EXCLUSIVE content NOW 馃槼馃槼馃槼,plenty more exclusive content
164,2020/3/14 5:51,hn_global11,Prophet Muhammad(PBUH) said :,prophet muhammad pbuh said
165,2020/3/14 5:51,jhnh007,In the Maldives to celebrate our 25th Anniversary....top photo is where we are supposed to be but #COVID19 has landed us with the view below next to Male airport. I would have thought 鈦#kuoni could have done MUCH better for its customers #disappointed 鈦︹仸@KuoniTravelUK鈦 https://t.co/6jpvsZXRXn,maldives celebrate anniversary photo where supposed #covid landed with view below next male airport would have thought #kuoni could have done much better customers #disappointed
166,2020/3/14 5:51,shanemcbarber1,Last beer of the night! #barber #denver #beer https://t.co/5RImeKxIkf,last beer night #barber #denver #beer
167,2020/3/14 5:54,Paurush,Have a question for @Cuemath  is it a difficult task to assign a teacher for a student after charging the fee? It鈥檚 been 3 months in waiting. #harassment #unprofessional #disappointed,have question difficult task assign teacher student after charging been months waiting #harassment #unprofessional #disappointed
168,2020/3/14 5:55,vuzhmusic,RT @CocoDavies: "Through [the] database,through database
169,2020/3/14 5:56,CarleyLoba,Ready to get into bed 馃洀锔,ready into
170,2020/3/14 5:57,MermaidNurse15,Y鈥檃ll  trust your mutha fuckin gut that it鈥檚 too good to be true! #disappointed #again #notsurprised,trust your mutha fuckin that good true #disappointed #again #notsurprised
171,2020/3/14 6:00,blanco_jom,@luljaypboi @damnsugui WHAT THE SHIT MAN @damnsugui LONG BREAK DOESNT MEAN DIET BREAK SUGS!! #disappointed,what shit long break doesnt mean diet break sugs #disappointed
172,2020/3/14 6:02,mazniak,RT @sofia_luisa_: Hey #denver if you need assistance due to COVID-19 or if you want to help  fill out this form to get connected to people鈥,#denver need assistance covid want help fill this form connected people
173,2020/3/14 6:03,Magnoliero,RT @FelixLlerenaCUB: Luego de regresar de Tennessee  me he trasladado a #Denver #Colora鈥,luego regresar tennessee trasladado #denver #colora
174,2020/3/14 6:04,TXFederalist,@TulsiGabbard &amp; when will the senate consider this? Monday?,when will senate consider this monday
175,2020/3/14 6:04,placards2011,RT @FelixLlerenaCUB: Luego de regresar de Tennessee  me he trasladado a #Denver #Colora鈥,luego regresar tennessee trasladado #denver #colora
176,2020/3/14 6:06,PoeticSlave,RT @1CypherSessions: This seems like a good time to reflect on everything that's led up to where things are today on this Friday the 13th i鈥,this seems like good time reflect everything that where things today this friday
177,2020/3/14 6:06,Marriedehcanuck,RT @therealrussellp: #SoundOn Although I鈥檓 still out here in these streets and looking forward to seeing you all... Don鈥檛 touch me馃し馃徑鈥嶁檪锔忦煒傪煒 #鈥,#soundon although still here these streets looking forward seeing touch
178,2020/3/14 6:07,HobbsSteely,Angry Bubble Gurlzzz #bubblegang #bubblegirls #angry #angrygirls @BubbleGangGMA @Valeentawak @lovelyabella_ @KimDomingoReal7 @denisebarbacena https://t.co/ME0oiFfXF8,angry bubble gurlzzz #bubblegang #bubblegirls #angry #angrygirls
179,2020/3/14 6:07,DNnite,So angry and disappointed with @NBN_Australia,angry disappointed with
180,2020/3/14 6:12,KyleClark,RT @DeannaRadio: Usually my neighborhood is bustling on a Friday night with people being loud on their way to the bars and clubs on Broadwa鈥,usually neighborhood bustling friday night with people being loud their bars clubs broadwa
181,2020/3/14 6:13,EdMcAndrew,@realDonaldTrump DJ! Total confidence losted after watching your national emergency speech. Unprepared and monotone. No catchy Nick name for the Corona virus? #disappointed #atlashasshrugged #presidentbankrupt,total confidence losted after watching your national emergency speech unprepared monotone catchy nick name corona virus #disappointed #atlashasshrugged #presidentbankrupt
182,2020/3/14 6:14,WhatsItMatter8,RT @DeannaRadio: Usually my neighborhood is bustling on a Friday night with people being loud on their way to the bars and clubs on Broadwa鈥,usually neighborhood bustling friday night with people being loud their bars clubs broadwa
