,date,user,text,Unnamed: 3,Unnamed: 4,Unnamed: 5,result
0,2020/3/13 19:59,ShreePanicker,RT @ishafoundation: Is #happiness an elusive goal that happens in your life only once in a while? @SadhguruJV meticulously takes apart man,nan,nan,nan,#happiness elusive goal that happens your life only once while meticulously takes apart
1,2020/3/13 19:59,Lucky_khan007,RT @_ZiDDiKhaN: #Happy #birthday,nan,nan,nan,#Happy #birthday
2,2020/3/13 19:59,pea_era,#love#beautiful#art#happy#cute#girl#fun#smile#family#sky#life#design#lifestyle#handmade#artist#flowers #clay tool https://t.co/dLwaBWhPiE https://t.co/gjSHNrQRZJ,nan,nan,nan,#love#beautiful#art#happy#cute#girl#fun#smile#family#sky#life#design#lifestyle#handmade#artist#flowers #clay tool
3,2020/3/13 20:02,GeorgeEliseo,RT @jennavehvi: A whole Roman neighborhood singing a popular Italian song Volare from their balconies and waving at each other. An amazin,nan,nan,nan,whole Roman neighborhood singing popular Italian song Volare from their balconies waving each other amazin
4,2020/3/13 20:02,hollywhoh,RT @ProgressTribe: Take time to look at the little things that make up the big picture.,nan,nan,nan,Take time look little things that make picture
5,2020/3/13 20:02,ReeceOsei,Waaaooww,nan,nan,nan,Waaaooww
6,2020/3/13 20:02,QualitySproduct,BUY NOW:https://t.co/o6CnABJGfh,nan,nan,nan,
7,2020/3/13 20:02,ShannonRHulbert,Good job humans! ,nan,nan,nan,Good humans
8,2020/3/13 20:02,Voice4Silent,Lunch #PositiveVibes #golive #love https://t.co/K9Lt6vSCxg,nan,nan,nan,Lunch #PositiveVibes #golive #love
9,2020/3/13 20:02,SevenShepherd,"Which was [the son] of Aminadab, which was [the son] of Aram, which was [the son] of Esrom, which was [the son] of Phares, which was [the son] of Juda, Luke 3:33 #Bible #Love #God",nan,nan,nan,Which Aminadab which Aram which Esrom which Phares which Juda Luke #Bible #Love #God
10,2020/3/13 20:03,ini915,Day 11,nan,nan,nan,
11,2020/3/13 20:03,manateesb4,RT @jennavehvi: A whole Roman neighborhood singing a popular Italian song Volare from their balconies and waving at each other. An amazin,nan,nan,nan,whole Roman neighborhood singing popular Italian song Volare from their balconies waving each other amazin
12,2020/3/13 20:03,Lornaryaan,RT @jennavehvi: A whole Roman neighborhood singing a popular Italian song Volare from their balconies and waving at each other. An amazin,nan,nan,nan,whole Roman neighborhood singing popular Italian song Volare from their balconies waving each other amazin
13,2020/3/13 20:03,kabirSroy,nikla hoon aaj iss raaste pe phir se kya pta mout hi gale lga le mujhe apna smjh krr..,nan,nan,nan,nikla hoon raaste phir mout gale mujhe apna smjh
14,2020/3/13 20:03,semamuhovic,RT @jennavehvi: A whole Roman neighborhood singing a popular Italian song Volare from their balconies and waving at each other. An amazin,nan,nan,nan,whole Roman neighborhood singing popular Italian song Volare from their balconies waving each other amazin
15,2020/3/13 20:03,frugalmaniac,We need the #love N #respect #Jesus taught us to #share https://t.co/fA3QFmxPPM  #JesusLoves #JesusSaves https://t.co/wCQ3UxkAyU,nan,nan,nan,need #love #respect #Jesus taught #share #JesusLoves #JesusSaves
16,2020/3/13 20:03,glsociety,And we know that all things #work #together for #good to them that #love #God,nan,nan,nan,know that things #work #together #good them that #love #God
17,2020/3/13 20:03,AfricaWorldNews,Happy Birthday to a community leader,nan,nan,nan,Happy Birthday community leader
18,2020/3/13 20:03,VIRGINI00113302,@XXL Very Horny Please Join Here =&gt; https://t.co/IX4I8P5v6d,nan,nan,nan,Very Horny Please Join Here
19,2020/3/13 20:03,MrCondappa,Double Tap  #relationshipgoals #motivation #relationship #heart #couple #couplegoals #love #soulmate #romance #feelgoodfriday #blessed #passion #sex #poetry #newyear2020 #poet #friday #loveher #loveyou https://t.co/FiMe7I0Zqm,nan,nan,nan,Double #relationshipgoals #motivation #relationship #heart #couple #couplegoals #love #soulmate #romance #feelgoodfriday #blessed #passion #sex #poetry #newyear #poet #friday #loveher #loveyou
20,2020/3/13 20:03,sexysmokergrl,RT @FTMTRASH: IT'S MY #BIRTHDAY WEEKEND!! ,nan,nan,nan,#BIRTHDAY WEEKEND
21,2020/3/13 20:03,Marty_Mcfly324,RT @jennavehvi: A whole Roman neighborhood singing a popular Italian song Volare from their balconies and waving at each other. An amazin,nan,nan,nan,whole Roman neighborhood singing popular Italian song Volare from their balconies waving each other amazin
22,2020/3/13 20:03,mannansone_,RT @joystgrm: 200313 Joystagram #RedVelvet # #Joy # #RVF  (3P),nan,nan,nan,Joystagram #RedVelvet #Joy #RVF
23,2020/3/13 20:03,ItMightBeJimbo,RT @houseofheller: Me: Symphony cancelled...how about I cook and Star Wars Marathon?,nan,nan,nan,Symphony cancelled about cook Star Wars Marathon
24,2020/3/13 20:03,AbbeyGoldd,I always loved those Italian folk ,nan,nan,nan,always loved those Italian folk
25,2020/3/13 20:03,Golden_Market_,Clearance,nan,nan,nan,Clearance
26,2020/3/13 20:03,sizwesabo,RT @queenfitnass: Rule #1 Never skip a Monday ,nan,nan,nan,Rule Never skip Monday
27,2020/3/13 20:03,ShortKingSal,RT @AngelaBermudezA: Happy 8th anniversary to Journey! A videogame that literally changed my life forever  #cosplay #cosplayer #journeygam,nan,nan,nan,Happy anniversary Journey videogame that literally changed life forever #cosplay #cosplayer #journeygam
28,2020/3/13 20:03,lorifinnila,For You by Lori Jean Finnila out April 22,nan,nan,nan,Lori Jean Finnila April
29,2020/3/13 20:03,WAEtH4v6wVY6Gi4,"RT @mariiomega: ""maybe you're my love?"" ",nan,nan,nan,maybe love
30,2020/3/13 20:03,russmove,RT @jennavehvi: A whole Roman neighborhood singing a popular Italian song Volare from their balconies and waving at each other. An amazin,nan,nan,nan,whole Roman neighborhood singing popular Italian song Volare from their balconies waving each other amazin
31,2020/3/13 20:03,Heera1616,RT @KariJoys: #Helping others brings such #Joy &amp; #Fulfillment. ,nan,nan,nan,#Helping others brings such #Joy #Fulfillment
32,2020/3/13 20:03,djdavelive,Now playing MANT feat. Hayla - Lonely Days (Extended Mix).mp3  @ ! CLICK HERE To Listen --&gt; https://t.co/nkLpA101z9 &lt;-- #deephouse #soulfulhouse  #DJ #worldwide #housemusicradio #streamingLIVE #internet #radio #station #afrohouse #techhouse #tribalhouse #live #love #enjoylife,nan,nan,nan,playing MANT feat Hayla Lonely Days Extended CLICK HERE Listen #deephouse #soulfulhouse #worldwide #housemusicradio #streamingLIVE #internet #radio #station #afrohouse #techhouse #tribalhouse #live #love #enjoylife
33,2020/3/13 20:03,banane_rouge,RT @Ka__Reine: C'est top a ! Je vais mettre a sur ma bote ,nan,nan,nan,vais mettre bote
34,2020/3/13 20:03,OceanDocks,IFYOUFOLLOWBACK #TFBID #FOLLOW4FOLLOW #ANDROID #MUSIC #HITFOLLOWSTEAM #FOLLOW #AUTOFOLLOW #FOLLOWME #LOVE,nan,nan,nan,IFYOUFOLLOWBACK #TFBID #FOLLOW FOLLOW #ANDROID #MUSIC #HITFOLLOWSTEAM #FOLLOW #AUTOFOLLOW #FOLLOWME #LOVE
35,2020/3/13 20:03,ini915,Many times we think love is being weak,nan,nan,nan,Many times think love being weak
36,2020/3/13 20:03,xxadithyaxx1,RT @IIS_DSO: May shades of #happiness,nan,nan,nan,shades #happiness
37,2020/3/13 20:03,benneedsholiday,RT @velocityruhr: Hmma,nan,nan,nan,Hmma
38,2020/3/13 20:03,MiguelCalabria3,Gyms are closed as an anti- #COVID19 measure? Do you recommend not walking on the street? Exercising at home is not a problem. #CoronaOutbreak #estadodealarma #YoMeQuedoEnCasa,nan,nan,nan,Gyms closed anti #COVID measure recommend walking street Exercising home problem #CoronaOutbreak #estadodealarma #YoMeQuedoEnCasa
39,2020/3/13 20:03,iremeyit,RT @jennavehvi: A whole Roman neighborhood singing a popular Italian song Volare from their balconies and waving at each other. An amazin,nan,nan,nan,whole Roman neighborhood singing popular Italian song Volare from their balconies waving each other amazin
40,2020/3/13 20:03,Glams_Radio,#Now playing on @Glams_Radio : #Motherlove (Armonica Remix) by #Sabb! Tune in now and enjoy sound of #DeepHouse #Love #Music,nan,nan,nan,#Now playing #Motherlove Armonica Remix #Sabb Tune enjoy sound #DeepHouse #Love #Music
41,2020/3/13 20:03,LPOBryan,Do you believe in #selfimprovement? If you do,nan,nan,nan,believe #selfimprovement
42,2020/3/13 20:03,rosalindbordo,Better to light one candle than to curse the darkness. ,nan,nan,nan,Better light candle than curse darkness
43,2020/3/13 20:03,elicoleman85,RT @jennavehvi: A whole Roman neighborhood singing a popular Italian song Volare from their balconies and waving at each other. An amazin,nan,nan,nan,whole Roman neighborhood singing popular Italian song Volare from their balconies waving each other amazin
44,2020/3/13 20:03,ChildofMovies,RT @jennavehvi: A whole Roman neighborhood singing a popular Italian song Volare from their balconies and waving at each other. An amazin,nan,nan,nan,whole Roman neighborhood singing popular Italian song Volare from their balconies waving each other amazin
45,2020/3/13 20:03,nicokont,RT @jennavehvi: A whole Roman neighborhood singing a popular Italian song Volare from their balconies and waving at each other. An amazin,nan,nan,nan,whole Roman neighborhood singing popular Italian song Volare from their balconies waving each other amazin
46,2020/3/13 20:03,CozmoGoods,#happy Bendable Feeding Spoon And Fork For Baby https://t.co/Wo2wcOw8HK https://t.co/vXFHhDttpz,nan,nan,nan,#happy Bendable Feeding Spoon Fork Baby
47,2020/3/13 20:03,marvel_philips,SOMEONE ELSE:,nan,nan,nan,SOMEONE ELSE
48,2020/3/13 20:03,brinaluvz808,RT @jennavehvi: A whole Roman neighborhood singing a popular Italian song Volare from their balconies and waving at each other. An amazin,nan,nan,nan,whole Roman neighborhood singing popular Italian song Volare from their balconies waving each other amazin
49,2020/3/13 20:03,PaulCurtis1956,JUST A DASH https://t.co/DoBHqbamiH #Friyay #Fridayfeeling #Friday #Fridaymotivation #Weekendvibes #Fridayfeeling #Feelgoodfriday #amwriting #abctales #Humour #Fun  #Saturday #Caturday #SaturdayMotivation #Saturdaythoughts #Happyweekend #Amwriting #abctales,nan,nan,nan,JUST DASH #Friyay #Fridayfeeling #Friday #Fridaymotivation #Weekendvibes #Fridayfeeling #Feelgoodfriday #amwriting #abctales #Humour #Fun #Saturday #Caturday #SaturdayMotivation #Saturdaythoughts #Happyweekend #Amwriting #abctales
50,2020/3/13 20:03,SJalovaara,RT @jennavehvi: A whole Roman neighborhood singing a popular Italian song Volare from their balconies and waving at each other. An amazin,nan,nan,nan,whole Roman neighborhood singing popular Italian song Volare from their balconies waving each other amazin
51,2020/3/13 20:03,musica_mundi,#techno #love #house #rawhouse #sun #smile #follow #music #dance #BPM #japan #tokyo #rolandaira https://t.co/hDE4LZf2iN,nan,nan,nan,#techno #love #house #rawhouse #sun #smile #follow #music #dance #BPM #japan #tokyo #rolandaira
52,2020/3/13 20:03,HeirOfJerusalem,"RT @SevenShepherd: ""Which was [the son] of Aminadab",nan,nan,nan,Which Aminadab
53,2020/3/13 20:03,GargamelClen,So many people send you their love Khodayar. They wish for you a long and happy life.,nan,nan,nan,many people send their love Khodayar They wish long happy life
54,2020/3/13 20:03,lolDurkkk,What an awesome trending music game! ,nan,nan,nan,What awesome trending music game
55,2020/3/13 20:03,anamilojevic5,RT @jennavehvi: A whole Roman neighborhood singing a popular Italian song Volare from their balconies and waving at each other. An amazin,nan,nan,nan,whole Roman neighborhood singing popular Italian song Volare from their balconies waving each other amazin
56,2020/3/13 20:04,missionbride,RT @jennavehvi: A whole Roman neighborhood singing a popular Italian song Volare from their balconies and waving at each other. An amazin,nan,nan,nan,whole Roman neighborhood singing popular Italian song Volare from their balconies waving each other amazin
57,2020/3/13 20:04,oneyoufeed,NEW EPISODE! Norman Fischer says that ideals can inspire us rather than put pressure on us,nan,nan,nan,EPISODE Norman Fischer says that ideals inspire rather than pressure
58,2020/3/13 20:04,naberiie,RT @AngelaBermudezA: Happy 8th anniversary to Journey! A videogame that literally changed my life forever  #cosplay #cosplayer #journeygam,nan,nan,nan,Happy anniversary Journey videogame that literally changed life forever #cosplay #cosplayer #journeygam
59,2020/3/13 20:04,WHYCNunhead,You wait ages for a #birthday and three come along at once! #happybirthday Nancy ,nan,nan,nan,wait ages #birthday three come along once #happybirthday Nancy
60,2020/3/13 20:04,LuxurysPrecious,Customer order wax melts ,nan,nan,nan,Customer order melts
61,2020/3/13 20:04,PiperandIzzy,RT @HoudiniDancing: MEOW,nan,nan,nan,MEOW
62,2020/3/13 20:04,vaselby,RT @Mel7Labrador: Right now,nan,nan,nan,Right
63,2020/3/13 20:04,DailyFinds4U,RT @mobilefoot: defo,nan,nan,nan,defo
64,2020/3/13 20:04,crunky0419,RT @BAP_Jongup: [#] &lt;Happy White Day&gt;  ,nan,nan,nan,Happy White
65,2020/3/13 20:04,luigi_m_scollo,#aloha #beach #beachlife #fun #gopro #lifestyle #nature #ocean #sea #shortboard #summer #sun #sunset #surf #surfboard #surfculture #surfer #surfing #surfinglife #surfingphotography #surflife #surfphoto https://t.co/nDEJKHZhaY,nan,nan,nan,#aloha #beach #beachlife #fun #gopro #lifestyle #nature #ocean #sea #shortboard #summer #sun #sunset #surf #surfboard #surfculture #surfer #surfing #surfinglife #surfingphotography #surflife #surfphoto
66,2020/3/13 20:04,sammynick,RT @jennavehvi: A whole Roman neighborhood singing a popular Italian song Volare from their balconies and waving at each other. An amazin,nan,nan,nan,whole Roman neighborhood singing popular Italian song Volare from their balconies waving each other amazin
67,2020/3/13 20:04,Firstpeerapong2,RT @ohjoyth:  VS ,nan,nan,nan,
68,2020/3/13 20:04,kaceybanester,RT @jennavehvi: A whole Roman neighborhood singing a popular Italian song Volare from their balconies and waving at each other. An amazin,nan,nan,nan,whole Roman neighborhood singing popular Italian song Volare from their balconies waving each other amazin
69,2020/3/13 20:04,CupcakesClips,RT @MuttiDahl: Hearts &amp; Jumpin' Frog Animated Greeting,nan,nan,nan,Hearts Jumpin Frog Animated Greeting
70,2020/3/13 20:04,DrDgivingtheD,RT @jennavehvi: A whole Roman neighborhood singing a popular Italian song Volare from their balconies and waving at each other. An amazin,nan,nan,nan,whole Roman neighborhood singing popular Italian song Volare from their balconies waving each other amazin
71,2020/3/13 20:04,summittomar,RT @roya_life: Dont forget,nan,nan,nan,Dont forget
72,2020/3/13 20:04,ini915,Love doesn't manipulate the truth either. If it did,nan,nan,nan,Love doesn manipulate truth either
73,2020/3/13 20:04,lgbt_jogirls,YOU ARE NOT ALONE !  #lgbtq #lovewins #loveislove #love #trans #bisexual #gay #lesbian #moms #boys #men #jordan #amman #singlemom #_ #  # # # # https://t.co/S5PnUnmuvl,nan,nan,nan,ALONE #lgbtq #lovewins #loveislove #love #trans #bisexual #gay #lesbian #moms #boys #men #jordan #amman #singlemom
74,2020/3/13 20:04,julieeelx,This is so lovely ,nan,nan,nan,This lovely
75,2020/3/13 20:04,sellerjpl2000,RT @AD_WHITMAN: 5 Essential Beliefs Every #Christian Should Know!,nan,nan,nan,Essential Beliefs Every #Christian Should Know
76,2020/3/13 20:04,Honest_Psychic,This is nicely expressed! .,nan,nan,nan,This nicely expressed
77,2020/3/13 20:04,Goldfishkimbops,Ive said it and Ill say it again - this man was a legend!  #bobmarley #love #bestmanever https://t.co/wSwGyCeP3h,nan,nan,nan,said again this legend #bobmarley #love #bestmanever
78,2020/3/13 20:04,joeoptions,My office view today gave me some positive thoughts.  The azaleas still Bloom!  My mother taught me to have #Joy as a child which I am so thankful for in times like today. #Mindset #EverythingWillBeOk,nan,nan,nan,office view today gave some positive thoughts azaleas still Bloom mother taught have #Joy child which thankful times like today #Mindset #EverythingWillBeOk
79,2020/3/13 20:04,joie_yu,RT @jennavehvi: A whole Roman neighborhood singing a popular Italian song Volare from their balconies and waving at each other. An amazin,nan,nan,nan,whole Roman neighborhood singing popular Italian song Volare from their balconies waving each other amazin
80,2020/3/13 20:04,soap_reviews,RT @Real_Mr_Llama: Exploring The Inactive Lava Zone In Subnautica: https://t.co/ELcLLbkCSU,nan,nan,nan,Exploring Inactive Lava Zone Subnautica
81,2020/3/13 20:04,nanana_nisa,RT @ohjoyth:    ,nan,nan,nan,
82,2020/3/13 20:04,jessa_ana,RT @MusicBeat5: Born Mar. 13,nan,nan,nan,Born
83,2020/3/13 20:04,Hanguye62450004,RT @BAP_Jongup: [#] &lt;Happy White Day&gt;  ,nan,nan,nan,Happy White
84,2020/3/13 20:04,Firstpeerapong2,"RT @ohjoyth:  "" ""   """"",nan,nan,nan,
85,2020/3/13 20:04,Taeme_ss,RT @GirlsGeneration: ,nan,nan,nan,
86,2020/3/13 20:04,Ethanburton24, #MotivationalQuotes #FridayMotivation #inspiration #lessons #learning #wisdom #knowledge #lessonslearned #hope #love #life #health #happiness #entrepreneurship #business #travel #investing #future #productivity #positivity #FridayThoughts #encouragement #quotes #kentucky https://t.co/3fJYU7jDIl,nan,nan,nan,#MotivationalQuotes #FridayMotivation #inspiration #lessons #learning #wisdom #knowledge #lessonslearned #hope #love #life #health #happiness #entrepreneurship #business #travel #investing #future #productivity #positivity #FridayThoughts #encouragement #quotes #kentucky
87,2020/3/13 20:04,guu_39,#JOY ##LIVE 3/22() @smcc_card ,nan,nan,nan,#JOY ##LIVE
88,2020/3/13 20:04,MurphyWoodhouse,RT @jennavehvi: A whole Roman neighborhood singing a popular Italian song Volare from their balconies and waving at each other. An amazin,nan,nan,nan,whole Roman neighborhood singing popular Italian song Volare from their balconies waving each other amazin
89,2020/3/13 20:04,adammartiancomi,Ruins on Mars.,nan,nan,nan,Ruins Mars
90,2020/3/13 20:04,Lonely_H_Robot,Anxiety #mentalhealth #depression #anxiety #affirmations #life #peace #peaceofmind #musings #love #life #heartbreak #dreams #sunlight #regret #choices #decisions #friends #family #friendship #sadness #loneliness #validation #lettinggo #overthinking #growth #growing https://t.co/ojqu0DhDSa,nan,nan,nan,Anxiety #mentalhealth #depression #anxiety #affirmations #life #peace #peaceofmind #musings #love #life #heartbreak #dreams #sunlight #regret #choices #decisions #friends #family #friendship #sadness #loneliness #validation #lettinggo #overthinking #growth #growing
91,2020/3/13 20:04,LeanLeft_Wright,RT @jennavehvi: A whole Roman neighborhood singing a popular Italian song Volare from their balconies and waving at each other. An amazin,nan,nan,nan,whole Roman neighborhood singing popular Italian song Volare from their balconies waving each other amazin
92,2020/3/13 20:04,scarletmonahan,Too gently sobs the man. #poetry #poet #writer #art #poetrycommunity #poetrywriter #ScarletMonahan #love #words https://t.co/CvPcIFCHnV,nan,nan,nan,gently sobs #poetry #poet #writer #art #poetrycommunity #poetrywriter #ScarletMonahan #love #words
93,2020/3/13 20:04,chelseaherps,RT @jennavehvi: A whole Roman neighborhood singing a popular Italian song Volare from their balconies and waving at each other. An amazin,nan,nan,nan,whole Roman neighborhood singing popular Italian song Volare from their balconies waving each other amazin
94,2020/3/13 20:04,donjohnson524,RT @smilemaker19116: Philadelphia Dental Implant Dentist,nan,nan,nan,Philadelphia Dental Implant Dentist
95,2020/3/13 20:05,Lonely_H_Robot,Still #mentalhealth #depression #anxiety #affirmations #life #peace #peaceofmind #musings #love #life #heartbreak #dreams #sunlight #regret #choices #decisions #friends #family #friendship #sadness #loneliness #validation #lettinggo #overthinking #growth #growing https://t.co/iOO2ILdMDq,nan,nan,nan,Still #mentalhealth #depression #anxiety #affirmations #life #peace #peaceofmind #musings #love #life #heartbreak #dreams #sunlight #regret #choices #decisions #friends #family #friendship #sadness #loneliness #validation #lettinggo #overthinking #growth #growing
96,2020/3/13 20:05,CONTEMPRA_INN,RT @CONTEMPRA_INN: Happy #Sheep raised with #Dogs  #Joy to see Kick up your hooves  https://t.co/Ppel5YsbsS video via @MiHeroeSinCapa @CO,nan,nan,nan,Happy #Sheep raised with #Dogs #Joy Kick your hooves video
97,2020/3/13 20:05,milestorti,RT @jennavehvi: A whole Roman neighborhood singing a popular Italian song Volare from their balconies and waving at each other. An amazin,nan,nan,nan,whole Roman neighborhood singing popular Italian song Volare from their balconies waving each other amazin
98,2020/3/13 20:05,donjohnson524,RT @WorldofAnimal1: Duke Was Super Happy During His First Visit With Us!!!,nan,nan,nan,Duke Super Happy During First Visit With
99,2020/3/13 20:05,Shazeebo,Wanna hear about something good? Check out our latest video about community involvement and the North County Food Bank! Shazeebo proudly supports @NorthCountyFB and its mission to feed those in need. #community #donate #dogood #TurkeyTally #food #happiness https://t.co/uuLWN4tY9v https://t.co/bbwGeJouhv,nan,nan,nan,Wanna hear about something good Check latest video about community involvement North County Food Bank Shazeebo proudly supports mission feed those need #community #donate #dogood #TurkeyTally #food #happiness
100,2020/3/13 20:05,PlatrierK,RT @tonton_momo_: ..,nan,nan,nan,
101,2020/3/13 20:05,WhO_iis_mEmE,Yall actually go on vacation to turn up ?? Only thing I be thinking about is relaxing &amp; restoring my energy! Im I old??  ,nan,nan,nan,Yall actually vacation turn Only thing thinking about relaxing restoring energy
102,2020/3/13 20:05,Thefactslover,Want to know something interesting? Check out our daily interesting facts at https://t.co/9o54d7ElRj #facts,nan,nan,nan,Want know something interesting Check daily interesting facts #facts
103,2020/3/13 20:05,Copo16418453,RT @GattoProyecto: @lagateria Yoshi tambin sigue en espera de una oportunidad... Si hoy quieres hacer feliz a un gatito y t se ms feliz.,nan,nan,nan,Yoshi tambin sigue espera oportunidad quieres hacer feliz gatito feliz
104,2020/3/13 20:05,NatureCutsTags,Moose Head Confetti... https://t.co/G4RTT18KfN via @amazon #naturecuts #cutout #momshop #maker #moose #rustic #woodland #wedding #birthday,nan,nan,nan,Moose Head Confetti #naturecuts #cutout #momshop #maker #moose #rustic #woodland #wedding #birthday
105,2020/3/13 20:05,ini915,Ready to do your measurement? I hope so,nan,nan,nan,Ready your measurement hope
106,2020/3/13 20:05,perfume_chick,RT @jennavehvi: A whole Roman neighborhood singing a popular Italian song Volare from their balconies and waving at each other. An amazin,nan,nan,nan,whole Roman neighborhood singing popular Italian song Volare from their balconies waving each other amazin
107,2020/3/13 20:05,ryosuke1012,#JOY ##LIVE 3/22() @smcc_card ,nan,nan,nan,#JOY ##LIVE
108,2020/3/13 20:05,ATashoflife,RT @jennavehvi: A whole Roman neighborhood singing a popular Italian song Volare from their balconies and waving at each other. An amazin,nan,nan,nan,whole Roman neighborhood singing popular Italian song Volare from their balconies waving each other amazin
109,2020/3/13 20:05,Kada_soulayman,It's : 2020-03-13T20:05:05.9559229Z ,nan,nan,nan,
110,2020/3/13 20:05,josemaria8169,RT @hadley_jp: Add my SNAPCHAT- Joehadley96  #subscribe  #onlyfans #bluefaceJP #gayboy #gaykid #gay #gaymen #onlyfans #sup,nan,nan,nan,SNAPCHAT Joehadley #subscribe #onlyfans #bluefaceJP #gayboy #gaykid #gay #gaymen #onlyfans #sup
111,2020/3/13 20:05,kama_sutra_xxx,Live #Porn Searches - #Pornhub Insights What is Being Searched For Right Now! ,nan,nan,nan,Live #Porn Searches #Pornhub Insights What Being Searched Right
112,2020/3/13 20:05,LucyKC29,RT @WaysideWaifs: Kitty Purry is ready for a forever home. She just moved in to her big space in cat adoptions. You can meet her today unti,nan,nan,nan,Kitty Purry ready forever home just moved space adoptions meet today unti
113,2020/3/13 20:05,SusanDoyle1963,RT @jennavehvi: A whole Roman neighborhood singing a popular Italian song Volare from their balconies and waving at each other. An amazin,nan,nan,nan,whole Roman neighborhood singing popular Italian song Volare from their balconies waving each other amazin
114,2020/3/13 20:05,VyvyanG1,Something for the Weekend. So,nan,nan,nan,Something Weekend
115,2020/3/13 20:05,WaverlyGeneral,Mariposa Frames &amp; Gifts,nan,nan,nan,Mariposa Frames Gifts
116,2020/3/13 20:05,Michell83909550,@DaleJr I just watched your interview with the incomparable Kenny Schrader on YouTube. I have always loved Kenny and your family as well.  Now I understand why. #respect #love,nan,nan,nan,just watched your interview with incomparable Kenny Schrader YouTube have always loved Kenny your family well understand #respect #love
117,2020/3/13 20:05,CarrLaural,In the long history of humankind those who learned to collaborate and improvise most effectively have prevailed. Charles Darwin #happiness,nan,nan,nan,long history humankind those learned collaborate improvise most effectively have prevailed Charles Darwin #happiness
118,2020/3/13 20:05,Toyin_24,RT @CoorsWillToLive: Lack of #love,nan,nan,nan,Lack #love
119,2020/3/13 20:05,Lonely_H_Robot,Waves #mentalhealth #depression #anxiety #affirmations #life #peace #peaceofmind #musings #love #life #heartbreak #dreams #sunlight #regret #choices #decisions #friends #family #friendship #sadness #loneliness #validation #lettinggo #overthinking #growth #growing https://t.co/cFTQCKWNZ9,nan,nan,nan,Waves #mentalhealth #depression #anxiety #affirmations #life #peace #peaceofmind #musings #love #life #heartbreak #dreams #sunlight #regret #choices #decisions #friends #family #friendship #sadness #loneliness #validation #lettinggo #overthinking #growth #growing
120,2020/3/13 20:05,affirma96330787,#beach #nature #affirmations #NaturePhotography #love,nan,nan,nan,#beach #nature #affirmations #NaturePhotography #love
121,2020/3/13 20:05,allmightsbf,RT @RoboCatRC: Stickers,nan,nan,nan,Stickers
122,2020/3/13 20:05,Annrose00646080,RT @SuperWingsUK: Don't forget you can also watch Super Wings Series 1 -3 on Cartoonito and TinyPop channels ,nan,nan,nan,forget also watch Super Wings Series Cartoonito TinyPop channels
123,2020/3/13 20:05,jtpositivity,Take a breath ,nan,nan,nan,Take breath
124,2020/3/13 20:05,PaulCurtis1956,KFC FAT CONTENT https://t.co/usfiqtsvSg #Friyay #Fridayfeeling #Friday #Fridaymotivation #Weekendvibes #Fridayfeeling #Feelgoodfriday #amwriting #abctales #Humour #Fun #Saturday #Caturday #SaturdayMotivation #Saturdaythoughts #Happyweekend #Amwriting #abctales,nan,nan,nan,CONTENT #Friyay #Fridayfeeling #Friday #Fridaymotivation #Weekendvibes #Fridayfeeling #Feelgoodfriday #amwriting #abctales #Humour #Fun #Saturday #Caturday #SaturdayMotivation #Saturdaythoughts #Happyweekend #Amwriting #abctales
125,2020/3/13 20:05,paul_cude,RT @cindydavisbooks: Just a bundle of (earth) energy!,nan,nan,nan,Just bundle earth energy
126,2020/3/13 20:05,GradiDesigner,I Just ask.. what do you think about this post? Follow my friend @MatKawczynski his content is sick! ,nan,nan,nan,Just what think about this post Follow friend content sick
127,2020/3/13 20:05,LifeWithJohn,Many of us may feel awkward going out somewhere alone. But,nan,nan,nan,Many feel awkward going somewhere alone
128,2020/3/13 20:05,PauletPjHoward,Hey you....yeah you,nan,nan,nan,yeah
129,2020/3/13 20:05,iamcloudyyy3,RT @ohjoyth:  ,nan,nan,nan,
130,2020/3/13 20:05,MaryLar62027107,RT @jennavehvi: A whole Roman neighborhood singing a popular Italian song Volare from their balconies and waving at each other. An amazin,nan,nan,nan,whole Roman neighborhood singing popular Italian song Volare from their balconies waving each other amazin
131,2020/3/13 20:05,TPnible,RT @lordgsupercar: Lamborghini Huracan ,nan,nan,nan,Lamborghini Huracan
132,2020/3/13 20:05,gmail_fiore,RT @MilaDreamMusic:  #LOVE and #SPRING ,nan,nan,nan,#LOVE #SPRING
133,2020/3/13 20:05,JerseyDiggy,We out here going  LIVE on #TomClancysRainbowSixSiege !  https://t.co/iXkiGBRTqj #wizebot #twitch #fortnite #pubg #apexlegends #gtav #communitylove #streamer #gamer #fun #follow #supportsmallstreams #supportsmallstreamers,nan,nan,nan,here going LIVE #TomClancysRainbowSixSiege #wizebot #twitch #fortnite #pubg #apexlegends #gtav #communitylove #streamer #gamer #fun #follow #supportsmallstreams #supportsmallstreamers
134,2020/3/13 20:05,Hu_me_jawan,RT @desimilf07: Intern on Duty ,nan,nan,nan,Intern Duty
135,2020/3/13 20:05,BreastOncology,Were looking for good news today and think weve found just the story from @endomag about a lovely couple called Jim and Shirley. ,nan,nan,nan,Were looking good news today think weve found just story from about lovely couple called Shirley
136,2020/3/13 20:05,quilts_more,RT @MuttiDahl: Hearts &amp; Jumpin' Frog Animated Greeting,nan,nan,nan,Hearts Jumpin Frog Animated Greeting
137,2020/3/13 20:05,immr_carr,RT @ohjoyth: : - ,nan,nan,nan,
138,2020/3/13 20:05,Lolo_Telo,RT @SwartzVaivi: True Love is finding your Soulmate in your Bestfriend ,nan,nan,nan,True Love finding your Soulmate your Bestfriend
139,2020/3/13 20:05,stream_caster,RT @JerseyDiggy: We out here going  LIVE on #TomClancysRainbowSixSiege !  https://t.co/iXkiGBRTqj #wizebot #twitch #fortnite #pubg #apexle,nan,nan,nan,here going LIVE #TomClancysRainbowSixSiege #wizebot #twitch #fortnite #pubg #apexle
140,2020/3/13 20:05,Lonely_H_Robot,Everything #mentalhealth #depression #anxiety #affirmations #life #peace #peaceofmind #musings #love #life #heartbreak #dreams #sunlight #regret #choices #decisions #friends #family #friendship #sadness #loneliness #validation #lettinggo #overthinking #growth #growing https://t.co/SKDrkJUIHb,nan,nan,nan,Everything #mentalhealth #depression #anxiety #affirmations #life #peace #peaceofmind #musings #love #life #heartbreak #dreams #sunlight #regret #choices #decisions #friends #family #friendship #sadness #loneliness #validation #lettinggo #overthinking #growth #growing
141,2020/3/13 20:05,wwwanpaus,RT @JerseyDiggy: We out here going  LIVE on #TomClancysRainbowSixSiege !  https://t.co/iXkiGBRTqj #wizebot #twitch #fortnite #pubg #apexle,nan,nan,nan,here going LIVE #TomClancysRainbowSixSiege #wizebot #twitch #fortnite #pubg #apexle
142,2020/3/13 20:05,ronaflowershop,Well,nan,nan,nan,Well
143,2020/3/13 20:05,YBreevaart67_63,Mr. George Michael John And Elvis Are Dead Ziggodome Amsterdam 14-09-2012 https://t.co/HPCOTHKwrj via @YouTube XXX #Music #Love #Peace,nan,nan,nan,George Michael John Elvis Dead Ziggodome Amsterdam #Music #Love #Peace
144,2020/3/13 20:05,AndBiddulph,RT @KnypersleyFirst: Class 2s castle has really taken shape today! Wow! #knypersleyloveshistory #knypersleylovesdt #castle #castlelife #fu,nan,nan,nan,Class castle really taken shape today #knypersleyloveshistory #knypersleylovesdt #castle #castlelife
145,2020/3/13 20:05,sruizdiaz29,What an awesome trending music game! ,nan,nan,nan,What awesome trending music game
146,2020/3/13 20:05,partyand_makeup,#night #girls #smile Cute Women`s Colorful Cosmetics for Lips https://t.co/RLohe5Mqkl https://t.co/v1GfUWEajj,nan,nan,nan,#night #girls #smile Cute Women Colorful Cosmetics Lips
147,2020/3/13 20:05,veropeteacher,Second grade students working on Chinese #JumpRope in #PhysEd,nan,nan,nan,Second grade students working Chinese #JumpRope #PhysEd
148,2020/3/13 20:05,SleepMook,"RT @ohjoyth:  "" ""   """"",nan,nan,nan,
149,2020/3/13 20:05,charismenelaou,RT @ele9061:  #Venezia #love https://t.co/pRXakWPdex,nan,nan,nan,#Venezia #love
150,2020/3/13 20:05,PartTimeDimeCOM,RT @JerseyDiggy: We out here going  LIVE on #TomClancysRainbowSixSiege !  https://t.co/iXkiGBRTqj #wizebot #twitch #fortnite #pubg #apexle,nan,nan,nan,here going LIVE #TomClancysRainbowSixSiege #wizebot #twitch #fortnite #pubg #apexle
151,2020/3/13 20:05,SmllTwnGirl27,RT @MuftiZB:  NEW VIDEO ,nan,nan,nan,VIDEO
152,2020/3/13 20:05,ledyfas,2017 New Fashion High Quality Casual Long Sleeve Slim Men's Plaid Shirts Male Clothing Fit Shirts Business Formal Shirt DZ009,nan,nan,nan,Fashion High Quality Casual Long Sleeve Slim Plaid Shirts Male Clothing Shirts Business Formal Shirt
153,2020/3/13 20:05,carosapina,RT @jennavehvi: A whole Roman neighborhood singing a popular Italian song Volare from their balconies and waving at each other. An amazin,nan,nan,nan,whole Roman neighborhood singing popular Italian song Volare from their balconies waving each other amazin
154,2020/3/13 20:05,nattyduchesneau,RT @jennavehvi: A whole Roman neighborhood singing a popular Italian song Volare from their balconies and waving at each other. An amazin,nan,nan,nan,whole Roman neighborhood singing popular Italian song Volare from their balconies waving each other amazin
155,2020/3/13 20:05,MattiusStein,RT @jennavehvi: A whole Roman neighborhood singing a popular Italian song Volare from their balconies and waving at each other. An amazin,nan,nan,nan,whole Roman neighborhood singing popular Italian song Volare from their balconies waving each other amazin
156,2020/3/13 20:05,donjohnson524,RT @smilemaker19116: Northeast Philadelphia Dentist,nan,nan,nan,Northeast Philadelphia Dentist
157,2020/3/13 20:05,Lolo_Telo,RT @SwartzVaivi: True Love is finding your Soulmate in your Bestfriend ,nan,nan,nan,True Love finding your Soulmate your Bestfriend
158,2020/3/13 20:05,Hrvatsko,https://t.co/ug6SuCjfXf Catholic Mass Friday March 13 .'Be honest with yourself '#Mass #Gospel #Jesus #Love #Now #Tip #Change #Quote #Faith #Fe #FelizViernes #BoaTarde #BoaNoite #Life #Catholic #ProLife #Happy #Friday #FridayFeeling,nan,nan,nan,Catholic Mass Friday March honest with yourself #Mass #Gospel #Jesus #Love #Now #Tip #Change #Quote #Faith #FelizViernes #BoaTarde #BoaNoite #Life #Catholic #ProLife #Happy #Friday #FridayFeeling
159,2020/3/13 20:05,musicnews360,Forget Booze. Weed Bars Spark Up the Office Christmas Party #musicnews360 #music #newsong #lovethissong #listentothis #cannabis #california #business #news #love #follow #comment #tweegram #stocks #money #trump #democrats #nsfw https://t.co/L3lXhNOErm,nan,nan,nan,Forget Booze Weed Bars Spark Office Christmas Party #musicnews #music #newsong #lovethissong #listentothis #cannabis #california #business #news #love #follow #comment #tweegram #stocks #money #trump #democrats #nsfw
160,2020/3/13 20:05,tentaegguk,2/26 i was questioning a lot of things and i have to admit Im feeling ###happy ,nan,nan,nan,questioning things have admit feeling ###happy
161,2020/3/13 20:05,donjohnson524,RT @smilemaker19116: Root Canal Therapy Dentist Northeast Philadelphia,nan,nan,nan,Root Canal Therapy Dentist Northeast Philadelphia
162,2020/3/13 20:05,THEARTPACK1,All art comes in different forms and this my friends is no different.,nan,nan,nan,comes different forms this friends different
163,2020/3/13 20:05,DeepaNilamani1,RT @PanacheDesai: When someone is connected to who they really are they become aligned with all of that infinite #energy  the energy that,nan,nan,nan,When someone connected they really they become aligned with that infinite #energy energy that
164,2020/3/13 20:05,haroobaz,RT @maybeyourscar: ma copine et moi #bisousurlajoue #love #chezmargot #noiretblanc #noracisme #lgbt https://t.co/68Tf3kc99L,nan,nan,nan,copine #bisousurlajoue #love #chezmargot #noiretblanc #noracisme #lgbt
165,2020/3/13 20:05,GmArgaViE,RT @maybeyourscar: ma copine et moi #bisousurlajoue #love #chezmargot #noiretblanc #noracisme #lgbt https://t.co/68Tf3kc99L,nan,nan,nan,copine #bisousurlajoue #love #chezmargot #noiretblanc #noracisme #lgbt
166,2020/3/13 20:05,jraedupree,RT @jennavehvi: A whole Roman neighborhood singing a popular Italian song Volare from their balconies and waving at each other. An amazin,nan,nan,nan,whole Roman neighborhood singing popular Italian song Volare from their balconies waving each other amazin
167,2020/3/13 20:05,TwitchFeelsNEO,Live gaming until internet tech comes out. Come hang with me.. dont dies internet please  https://t.co/ml980stcC9 #twitchkittens #boomer #beardedgamer #grinding #nerds #believe #SupportSmallStreamers #peace #love #happiness #positivity https://t.co/GPSbe42NAL,nan,nan,nan,Live gaming until internet tech comes Come hang with dont dies internet please #twitchkittens #boomer #beardedgamer #grinding #nerds #believe #SupportSmallStreamers #peace #love #happiness #positivity
168,2020/3/13 20:05,PythonJokeBot,When i was younger i used to think i was a god. Most parents give their kids food,nan,nan,nan,When younger used think Most parents give their kids food
169,2020/3/13 20:05,SCTrueBlue,RT @jennavehvi: A whole Roman neighborhood singing a popular Italian song Volare from their balconies and waving at each other. An amazin,nan,nan,nan,whole Roman neighborhood singing popular Italian song Volare from their balconies waving each other amazin
170,2020/3/13 20:05,TugayHatayli,RT @emel0371: I think I miss my old account.  You remembering that,nan,nan,nan,think miss account remembering that
171,2020/3/13 20:05,donjohnson524,RT @smilemaker19116: Philadelphia Dental Implant Dentist,nan,nan,nan,Philadelphia Dental Implant Dentist
172,2020/3/13 20:06,DaMediaGuy,So excited to celebrate another birthday at my favorite pizza restaurant @GiordanosPizza! Over 20 years and many memories have been spent eating a deep dish pepperoni and wouldnt have it any other way on my day!  #1GiordanosFan #Birthday,nan,nan,nan,excited celebrate another birthday favorite pizza restaurant Over years many memories have been spent eating deep dish pepperoni wouldnt have other GiordanosFan #Birthday
173,2020/3/13 20:06,ayu_Miiee,#JOY ##LIVE 3/22() @smcc_card ,nan,nan,nan,#JOY ##LIVE
174,2020/3/13 20:06,saadalqahtani83,RT @MQarniDent: Esthetic Makeover by my TEAM,nan,nan,nan,Esthetic Makeover TEAM
175,2020/3/13 20:06,oneokrvck,RT @jennavehvi: A whole Roman neighborhood singing a popular Italian song Volare from their balconies and waving at each other. An amazin,nan,nan,nan,whole Roman neighborhood singing popular Italian song Volare from their balconies waving each other amazin
176,2020/3/13 20:06,CraverCoaster,#Goliath at #SFOG,nan,nan,nan,#Goliath #SFOG
177,2020/3/13 20:06,StijnNooyens,Back to the basics,nan,nan,nan,Back basics
178,2020/3/13 20:06,GetWallsIO,White Minimal Birthday #white #birthday #mountain #minimal https://t.co/1f7YQwLsnV https://t.co/15vYPSdRJR,nan,nan,nan,White Minimal Birthday #white #birthday #mountain #minimal
179,2020/3/13 20:06,SteveSp23906947,RT @buttnakedme: Good morning  Hope you all have a great day #nudistforlife #exhibitionist #happy https://t.co/v4pPO1W2gQ,nan,nan,nan,Good morning Hope have great #nudistforlife #exhibitionist #happy
180,2020/3/13 20:06,p_lzd,RT @H_boon78:   https://t.co/ONlxPuWsOv,nan,nan,nan,
181,2020/3/13 20:06,BluesBro,RT @jennavehvi: A whole Roman neighborhood singing a popular Italian song Volare from their balconies and waving at each other. An amazin,nan,nan,nan,whole Roman neighborhood singing popular Italian song Volare from their balconies waving each other amazin
182,2020/3/13 20:06,AnnaCountessK,RT @MiguelCalabria3: Gyms are closed as an anti- #COVID19 measure? Do you recommend not walking on the street? Exercising at home is not a,nan,nan,nan,Gyms closed anti #COVID measure recommend walking street Exercising home
183,2020/3/13 20:06,VIRGINI00113302,@dtavares @andteofilo Very Horny Please Join Here =&gt; https://t.co/IX4I8P5v6d,nan,nan,nan,Very Horny Please Join Here
184,2020/3/13 20:06,Mamtavaishnav20,Bahaka bahaka man na jane q muskane lga he. ,nan,nan,nan,Bahaka bahaka jane muskane
185,2020/3/13 20:06,haroobaz,mais waw vous tes trop belle et trop ouverte desprit jadore,nan,nan,nan,mais vous trop belle trop ouverte desprit jadore
186,2020/3/13 20:06,joeoptions,My office view today gave me some positive thoughts.  The azaleas still bloom!  My mother taught me to have #Joy as a child which I am so thankful for in times like today. #Mindset #EverythingWillBeOk https://t.co/JGR5iOfHVY,nan,nan,nan,office view today gave some positive thoughts azaleas still bloom mother taught have #Joy child which thankful times like today #Mindset #EverythingWillBeOk
187,2020/3/13 20:06,DoriCreates,When your efforts are successful,nan,nan,nan,When your efforts successful
188,2020/3/13 20:06,TBGTNT,RT @kimber_silver21: Truman Capote is a novelist with a poets heart.,nan,nan,nan,Truman Capote novelist with poets heart
189,2020/3/13 20:06,gina6362,I want to let you into the world of my unbridled fantasies ... will you help me deal with them in reality? #Gainesville   #recipes #happiness https://t.co/DiB0iJSOpx,nan,nan,nan,want into world unbridled fantasies will help deal with them reality #Gainesville #recipes #happiness
190,2020/3/13 20:06,m_oo_tn,#JOY ##LIVE 3/22() @smcc_card ,nan,nan,nan,#JOY ##LIVE
191,2020/3/13 20:06,andibeth012,"RT @GaynorBoughey1: OMG GUYS!!! You simply HAVE TO WATCH THIS!!! I had TEARS IN MY EYES!!! ""UNCONDITIONAL LOVE"" shown ""ONLY BY ANIMALS!!! W",nan,nan,nan,GUYS simply HAVE WATCH THIS TEARS EYES UNCONDITIONAL LOVE shown ONLY ANIMALS
192,2020/3/13 20:06,hit_jo,RT @jennavehvi: A whole Roman neighborhood singing a popular Italian song Volare from their balconies and waving at each other. An amazin,nan,nan,nan,whole Roman neighborhood singing popular Italian song Volare from their balconies waving each other amazin
193,2020/3/13 20:06,MadamFlauschig,6 km every day and I feel so good.  With the best sidekick,nan,nan,nan,every feel good With best sidekick
194,2020/3/13 20:06,picassogroups,RT @CONTEMPRA_INN: Happy #Sheep raised with #Dogs  #Joy to see Kick up your hooves  https://t.co/Ppel5YsbsS video via @MiHeroeSinCapa @CO,nan,nan,nan,Happy #Sheep raised with #Dogs #Joy Kick your hooves video
195,2020/3/13 20:06,donjohnson524,RT @smilemaker19116: Dentist In Northeast Philadelphia,nan,nan,nan,Dentist Northeast Philadelphia
196,2020/3/13 20:06,maybeyourscar,RT @haroobaz: mais waw vous tes trop belle et trop ouverte desprit jadore,nan,nan,nan,mais vous trop belle trop ouverte desprit jadore
197,2020/3/13 20:06,TBGTNT,RT @kimber_silver21: #read #TheSpaceBetween by @susanrooke777,nan,nan,nan,#read #TheSpaceBetween
198,2020/3/13 20:06,Gracenetwork_me,#gracenetwork #live #love #laugh #tbt #tbh #2020 #2020vision #positivevibes #africa #liberia #westafrica #usa #unitedstates #happy #life #art #arts #fashion #news #business #businesstips #wins #giveaways #pepperdem https://t.co/4tFj5UgOkc,nan,nan,nan,#gracenetwork #live #love #laugh #tbt #tbh vision #positivevibes #africa #liberia #westafrica #usa #unitedstates #happy #life #art #arts #fashion #news #business #businesstips #wins #giveaways #pepperdem
199,2020/3/13 20:06,donjohnson524,RT @smilemaker19116: Dental Implant Dentist In Philadelphia,nan,nan,nan,Dental Implant Dentist Philadelphia
200,2020/3/13 20:06,Gyaat,#philosophy #life #quotes #writer #happy #sad #harmony #quotes #life #perspective #wisdom #introspection #creative #thoughts #words #emotions #gyaat #feelings #gyaatverses #connect #ensamble #psychology #verses #english #englishquotes #ponder #depth #abstract #mindfulness #crux https://t.co/2YwqbazlrD,nan,nan,nan,#philosophy #life #quotes #writer #happy #sad #harmony #quotes #life #perspective #wisdom #introspection #creative #thoughts #words #emotions #gyaat #feelings #gyaatverses #connect #ensamble #psychology #verses #english #englishquotes #ponder #depth #abstract #mindfulness #crux
201,2020/3/13 20:06,richardjely1,RT @chaosofthemuse: The #question is,nan,nan,nan,#question
202,2020/3/13 20:06,AlejoCastilloPH,Modelo: jema_ramirez,nan,nan,nan,Modelo jema ramirez
203,2020/3/13 20:06,lwooten1990,RT @SHendersonArt: Each child did what she could with what she had,nan,nan,nan,Each child what could with what
204,2020/3/13 20:06,duesoli,"Un intero quartiere romano che canta una popolare canzone italiana Volare"" dai loro balconi e si saluta a vicenda. ",nan,nan,nan,intero quartiere romano canta popolare canzone italiana Volare loro balconi saluta vicenda
205,2020/3/13 20:06,CoachNewsome18,Rest in power to a great husband,nan,nan,nan,Rest power great husband
206,2020/3/13 20:06,RossellaT95,#funny #lol #lmao #lmfao #hilarious #laugh #laughing #tweegram #fun #friends #photooftheday #friend #wacky #crazy #silly #witty #instahappy #joke #jokes #joking #epic #instagood #instafun #funnypictures #haha #humor https://t.co/HSnEfVCqKj,nan,nan,nan,#funny #lol #lmao #lmfao #hilarious #laugh #laughing #tweegram #fun #friends #photooftheday #friend #wacky #crazy #silly #witty #instahappy #joke #jokes #joking #epic #instagood #instafun #funnypictures #haha #humor
207,2020/3/13 20:06,VAWNoMore,RT @jennavehvi: A whole Roman neighborhood singing a popular Italian song Volare from their balconies and waving at each other. An amazin,nan,nan,nan,whole Roman neighborhood singing popular Italian song Volare from their balconies waving each other amazin
208,2020/3/13 20:06,rafaelgarcia13,#amor#pasion#atraccion#dar#intension#abundancia#logros#divinidad#esenciadivina#Dios#alegria#felicidad#feliz#happiness#enjoy#like#Dios#love#vida#vivir#agradecer#dargracias#agradecimiento#meditacion#medita#paz#peace#tothank https://t.co/9juole9bQ3,nan,nan,nan,#amor#pasion#atraccion#dar#intension#abundancia#logros#divinidad#esenciadivina#Dios#alegria#felicidad#feliz#happiness#enjoy#like#Dios#love#vida#vivir#agradecer#dargracias#agradecimiento#meditacion#medita#paz#peace#tothank
209,2020/3/13 20:06,nonhebelbooks,RT @LHoltonLee: A lovely thought for today! From @journey_to_wellness_ #feedbackfriday #love #growing @DorsetMind @LWDorset @Dorsetmums @do,nan,nan,nan,lovely thought today From #feedbackfriday #love #growing
210,2020/3/13 20:06,donjohnson524,RT @smilemaker19116: Dr. Karagodsky Has Extensive Experience In Placing And Restoring #DentalImplants,nan,nan,nan,Karagodsky Extensive Experience Placing Restoring #DentalImplants
211,2020/3/13 20:06,Jessica65781,Let's drink some beer and watch football,nan,nan,nan,drink some beer watch football
212,2020/3/13 20:06,anveshijain,To make a woman happy give her 3 things ,nan,nan,nan,make woman happy give things
213,2020/3/13 20:06,PinballPa,Looking to save a little on your next trip to Pinball PA? ,nan,nan,nan,Looking save little your next trip Pinball
214,2020/3/13 20:06,EmpoweringYou11,How does it get any better than this?!!! Thank you thank you thank you  #life #love #watchingsunrise #ocean #rockpool https://t.co/oPysFZNqZP,nan,nan,nan,does better than this Thank thank thank #life #love #watchingsunrise #ocean #rockpool
215,2020/3/13 20:06,gghisoli,RT @jennavehvi: A whole Roman neighborhood singing a popular Italian song Volare from their balconies and waving at each other. An amazin,nan,nan,nan,whole Roman neighborhood singing popular Italian song Volare from their balconies waving each other amazin
216,2020/3/13 20:06,YOsoyZhilver,Cuando te das cuentas que a Happy (el The real Gatito azul) le gustan ms las minas que a Natsu :v,nan,nan,nan,Cuando cuentas Happy real Gatito azul gustan minas Natsu
217,2020/3/13 20:06,Nichole593,RT @AnneMarie: Oooooo I cant wait to sing this song live! #birthday https://t.co/DQpWzNOOYa,nan,nan,nan,Oooooo cant wait sing this song live #birthday
218,2020/3/13 20:06,_treasure_hunt,New detective mystery game in the heart of Paris for kids aged 8 years and older!,nan,nan,nan,detective mystery game heart Paris kids aged years older
219,2020/3/13 20:06,Artes132,#amor#pasion#atraccion#dar#intension#abundancia#logros#divinidad#esenciadivina#Dios#alegria#felicidad#feliz#happiness#enjoy#like#Dios#love#vida#vivir#agradecer#dargracias#agradecimiento#meditacion#medita#paz#peace#tothank https://t.co/gHSW2VbLen,nan,nan,nan,#amor#pasion#atraccion#dar#intension#abundancia#logros#divinidad#esenciadivina#Dios#alegria#felicidad#feliz#happiness#enjoy#like#Dios#love#vida#vivir#agradecer#dargracias#agradecimiento#meditacion#medita#paz#peace#tothank
220,2020/3/13 20:06,SevenShepherd,"Which was [the son] of Jose, which was [the son] of Eliezer, which was [the son] of Jorim, which was [the son] of Matthat, which was [the son] of Levi, Luke 3:29 #Bible #God #Love",nan,nan,nan,Which Jose which Eliezer which Jorim which Matthat which Levi Luke #Bible #God #Love
221,2020/3/13 20:06,ruutumies,RT @jennavehvi: A whole Roman neighborhood singing a popular Italian song Volare from their balconies and waving at each other. An amazin,nan,nan,nan,whole Roman neighborhood singing popular Italian song Volare from their balconies waving each other amazin
222,2020/3/13 20:06,FSR_L,@ritika_offl @AshokSelvan #Sha_Rah outstanding performance all are so #lively and #realistic,nan,nan,nan,#Sha outstanding performance #lively #realistic
223,2020/3/13 20:06,YogaUltimacy,1 or 2?,nan,nan,nan,
224,2020/3/13 20:06,MyPowertalk,We are creating our:,nan,nan,nan,creating
225,2020/3/13 20:06,revjdouglas,Humbling times sharing with many family &amp; friends in the testimony to the unconditional love of God in what,nan,nan,nan,Humbling times sharing with many family friends testimony unconditional love what
226,2020/3/13 20:06,over60nz,#WisdomOfGod #HolySpiritPower,nan,nan,nan,#WisdomOfGod #HolySpiritPower
227,2020/3/13 20:06,nohahefny2016,#Humble yourself and be open to receive. Ask for #help and be willing to take it when it is offered for there is a #Wisdom in every situation and #Divine engineering every step of the way. Unleash your #power and #Passion,nan,nan,nan,#Humble yourself open receive #help willing take when offered there #Wisdom every situation #Divine engineering every step Unleash your #power #Passion
228,2020/3/13 20:06,FitWizja,Zaczepni... uwielbiam i tskni ,nan,nan,nan,Zaczepni uwielbiam tskni
229,2020/3/13 20:06,ecclesias,RT @jennavehvi: A whole Roman neighborhood singing a popular Italian song Volare from their balconies and waving at each other. An amazin,nan,nan,nan,whole Roman neighborhood singing popular Italian song Volare from their balconies waving each other amazin
230,2020/3/13 20:06,blogNekoRandom,RT @rockethulsey: #StPatricksDay #chanel #fashion #art #love #easter #FridayFunDay,nan,nan,nan,#StPatricksDay #chanel #fashion #art #love #easter #FridayFunDay
231,2020/3/13 20:06,zelo_96baby,RT @BAP_Jongup: [#] &lt;Happy White Day&gt;  ,nan,nan,nan,Happy White
232,2020/3/13 20:06,dead_emptyx_,Seing you happy is all i want,nan,nan,nan,Seing happy want
233,2020/3/13 20:07,Motorsportfan86,RT @lordgsupercar: YES or NAH ?,nan,nan,nan,
234,2020/3/13 20:07,AlejoCastilloPH,Modelo: jema_ramirez,nan,nan,nan,Modelo jema ramirez
235,2020/3/13 20:07,worldisall,RT @jennavehvi: A whole Roman neighborhood singing a popular Italian song Volare from their balconies and waving at each other. An amazin,nan,nan,nan,whole Roman neighborhood singing popular Italian song Volare from their balconies waving each other amazin
236,2020/3/13 20:07,YoramKoren,RT @BtheQueen13: ITALY! You just do EVERYTHING BETTER!  Thank you for this-!!!!! #Napoli  #Italy #CoronaOutbreak #COVID19 #selfisolati,nan,nan,nan,ITALY just EVERYTHING BETTER Thank this #Napoli #Italy #CoronaOutbreak #COVID #selfisolati
237,2020/3/13 20:07,RedheadRetired,RT @jennavehvi: A whole Roman neighborhood singing a popular Italian song Volare from their balconies and waving at each other. An amazin,nan,nan,nan,whole Roman neighborhood singing popular Italian song Volare from their balconies waving each other amazin
238,2020/3/13 20:07,Ethanburton24, #MotivationalQuotes #FridayMotivation #inspiration #lessons #learning #wisdom #knowledge #lessonslearned #hope #love #life #health #happiness #entrepreneurship #business #travel #investing #future #productivity #positivity #FridayThoughts #encouragement #quotes #kentucky https://t.co/vPg7Tp7YrA,nan,nan,nan,#MotivationalQuotes #FridayMotivation #inspiration #lessons #learning #wisdom #knowledge #lessonslearned #hope #love #life #health #happiness #entrepreneurship #business #travel #investing #future #productivity #positivity #FridayThoughts #encouragement #quotes #kentucky
239,2020/3/13 20:07,JuliaAngelenPR,RT @rosalindbordo: Better to light one candle than to curse the darkness.  https://t.co/Oq2SItz2lP,nan,nan,nan,Better light candle than curse darkness
240,2020/3/13 20:07,Therealoweeb,RT @jennavehvi: A whole Roman neighborhood singing a popular Italian song Volare from their balconies and waving at each other. An amazin,nan,nan,nan,whole Roman neighborhood singing popular Italian song Volare from their balconies waving each other amazin
241,2020/3/13 20:07,spoiledchickens,#chicken Admiral Cluck relaxing between working with groups of children #happy #FridayFeeling #cute #animal https://t.co/epnc2qCpET,nan,nan,nan,#chicken Admiral Cluck relaxing between working with groups children #happy #FridayFeeling #cute #animal
242,2020/3/13 20:07,Ben10_34,RT @Mister_Vibes: Two young couples make nice video.,nan,nan,nan,young couples make nice video
243,2020/3/13 20:07,HowardJohnsonLP,Ya organizaste tu fin de semana XXL de marzo?,nan,nan,nan,organizaste semana marzo
244,2020/3/13 20:07,therealgloria,RT @ItalianFoodies1: penso che sia perfetto per una pausa!,nan,nan,nan,penso perfetto pausa
245,2020/3/13 20:07,ThriveSavings,So true!! ,nan,nan,nan,true
246,2020/3/13 20:07,Leerangubane,Psalm 23,nan,nan,nan,Psalm
247,2020/3/13 20:07,AnaDono_,RT @MyPowertalk: We are creating our:,nan,nan,nan,creating
248,2020/3/13 20:07,Zackbologna,Why are other countries so much better at being human beings than us,nan,nan,nan,other countries much better being human beings than
249,2020/3/13 20:07,donjohnson524,RT @yurovskydental: Invisalign Dentist Center City Philadelphia,nan,nan,nan,Invisalign Dentist Center City Philadelphia
250,2020/3/13 20:07,HOTANDSEXZY,RT @drbnrj: I found a love In Golf ,nan,nan,nan,found love Golf
251,2020/3/13 20:07,RopersJewelers,March Madness at Roper's Jewelers! | Selected Jewelry Sale in Auburn CA: 30% ,nan,nan,nan,March Madness Roper Jewelers Selected Jewelry Sale Auburn
252,2020/3/13 20:07,drmauricioirias,Slo t y yo conocemos la historia,nan,nan,nan,conocemos historia
253,2020/3/13 20:07,gonzoturtle,#live #life #love #art #be https://t.co/DPz1uTN6ae,nan,nan,nan,#live #life #love #art
254,2020/3/13 20:07,donjohnson524,RT @yurovskydental: Inlays &amp; Onlays Dentist Philadelphia,nan,nan,nan,Inlays Onlays Dentist Philadelphia
255,2020/3/13 20:07,cassieroma,I adore humans. ,nan,nan,nan,adore humans
256,2020/3/13 20:07,donjohnson524,RT @yurovskydental: Philadelphia Dentist For Dental Fillings,nan,nan,nan,Philadelphia Dentist Dental Fillings
257,2020/3/13 20:07,ksonney,RT @spoiledchickens: #chicken Admiral Cluck relaxing between working with groups of children #happy #FridayFeeling #cute #animal https://t.,nan,nan,nan,#chicken Admiral Cluck relaxing between working with groups children #happy #FridayFeeling #cute #animal
258,2020/3/13 20:07,donjohnson524,RT @yurovskydental: Philadelphia Affordable Dentist,nan,nan,nan,Philadelphia Affordable Dentist
259,2020/3/13 20:07,Trumptastrophe1,RT @jennavehvi: A whole Roman neighborhood singing a popular Italian song Volare from their balconies and waving at each other. An amazin,nan,nan,nan,whole Roman neighborhood singing popular Italian song Volare from their balconies waving each other amazin
260,2020/3/13 20:07,donjohnson524,RT @yurovskydental: Dentist In Center City Philadelphia,nan,nan,nan,Dentist Center City Philadelphia
261,2020/3/13 20:07,Dkysy,#RETWEET THIS! FOLLOW ME &amp; EVERYONE ELSE THAT RETWEETS THIS FOR 50 FOLLOWERS FAST! #TEAMFOLLOWBACK  #TFBJP #OPENFOLLOW #LOVE 250,nan,nan,nan,#RETWEET THIS FOLLOW EVERYONE ELSE THAT RETWEETS THIS FOLLOWERS FAST #TEAMFOLLOWBACK #TFBJP #OPENFOLLOW #LOVE
262,2020/3/13 20:07,ColucciLc,RT @wayamayatravel: Its #FF #FollowFriday so we want toTHANK this week's biggest supporters &amp; to ask everyone to #Follow them &amp; show them,nan,nan,nan,#FollowFriday want toTHANK this week biggest supporters everyone #Follow them show them
263,2020/3/13 20:07,WordsOfLoveForU,Tweet #Love #,nan,nan,nan,Tweet #Love
264,2020/3/13 20:07,renatodona,Soninho...,nan,nan,nan,Soninho
265,2020/3/13 20:07,Nathali51899575,nan,nan,nan,nan,
266,2020/3/13 20:07,happy_alphabets,#calligraphy #artists #callinleaderjun #calligraphymasters #mrittika,nan,nan,nan,#calligraphy #artists #callinleaderjun #calligraphymasters #mrittika
267,2020/3/13 20:07,eceeskici,Bu etkinligi biz de yapabilir miyiz acilen,nan,nan,nan,etkinligi yapabilir miyiz acilen
268,2020/3/13 20:07,MoinaxTV,Les bidasses rentrent de perm,nan,nan,nan,bidasses rentrent perm
269,2020/3/13 20:07,MEiffert54, Listen to the music,nan,nan,nan,Listen music
270,2020/3/13 20:07,Jessica84801,Oh my welcome knight! Let's finally sin with you! I promise not to break your sword #Allen  #hornyslut #happy #data https://t.co/LcAJk5ZzSb,nan,nan,nan,welcome knight finally with promise break your sword #Allen #hornyslut #happy #data
271,2020/3/13 20:07,donjohnson524,RT @yurovskydental: Philadelphia Dental Implant Dentist,nan,nan,nan,Philadelphia Dental Implant Dentist
272,2020/3/13 20:07,OctyP,RT @jennavehvi: A whole Roman neighborhood singing a popular Italian song Volare from their balconies and waving at each other. An amazin,nan,nan,nan,whole Roman neighborhood singing popular Italian song Volare from their balconies waving each other amazin
273,2020/3/13 20:07,im_NamanSharma,A dab of grin never goes in vain,nan,nan,nan,grin never goes vain
274,2020/3/13 20:07,csoundar,RT @lovemybooksUK: Please RT! @MichaelRosenYes @juliangrenier @nikkigamble @imaginecentre @RR_Families @readingagency @MarilynBrock @Bonzet,nan,nan,nan,Please
275,2020/3/13 20:07,suncokretnica,RT @KariJoys: I believe in #Angels! #JoyTrain #Joy #Love #Kindness RT @heatherrose1814 https://t.co/S9sa7sJwRN,nan,nan,nan,believe #Angels #JoyTrain #Joy #Love #Kindness
276,2020/3/13 20:07,come_il_mare,RT @jennavehvi: A whole Roman neighborhood singing a popular Italian song Volare from their balconies and waving at each other. An amazin,nan,nan,nan,whole Roman neighborhood singing popular Italian song Volare from their balconies waving each other amazin
277,2020/3/13 20:07,NewRulesDating,RT @NewRulesDating: What Is Your Relationship Pet Peeve? Listen in as I share a common one that can derail a relationship quickly. #relatio,nan,nan,nan,What Your Relationship Peeve Listen share common that derail relationship quickly #relatio
278,2020/3/13 20:07,LennyLionLee,#lennylionlee #drama #share #hair #makeup #water #crazy #human #fairy #face #hollywood #singer #actor #actress #water #air #woods #sky #green #video #viral #trending #movie #live #music #love #day #night #job #photo https://t.co/vrtVjRmz5d,nan,nan,nan,#lennylionlee #drama #share #hair #makeup #water #crazy #human #fairy #face #hollywood #singer #actor #actress #water #air #woods #sky #green #video #viral #trending #movie #live #music #love #day #night #job #photo
279,2020/3/13 20:07,csoundar,RT @lovemybooksUK: THREAD #Schools,nan,nan,nan,THREAD #Schools
280,2020/3/13 20:07,donjohnson524,RT @yurovskydental: Dont hide your smile. Call your dentist!,nan,nan,nan,Dont hide your smile Call your dentist
281,2020/3/13 20:07,anitakleinart,RT @jennavehvi: A whole Roman neighborhood singing a popular Italian song Volare from their balconies and waving at each other. An amazin,nan,nan,nan,whole Roman neighborhood singing popular Italian song Volare from their balconies waving each other amazin
282,2020/3/13 20:07,Hilem84823025,RT @AnnaKulinova: HAPPY INTERNATIONAL WOMENS DAY!!! ,nan,nan,nan,HAPPY INTERNATIONAL WOMENS
283,2020/3/13 20:07,looreeleey93,Las cosas HERMOSAS que se vienen este ao ! ,nan,nan,nan,cosas HERMOSAS vienen este
284,2020/3/13 20:07,skatatch,Leyendas de terror,nan,nan,nan,Leyendas terror
285,2020/3/13 20:07,GlobalEtica,RT @KariJoys: #Helping others brings such #Joy &amp; #Fulfillment. ,nan,nan,nan,#Helping others brings such #Joy #Fulfillment
286,2020/3/13 20:07,IamShingie,There is NO MOUNTAIN anywhere...A person's IGNORANCE is their biggest MOUNTAIN! ,nan,nan,nan,There MOUNTAIN anywhere person IGNORANCE their biggest MOUNTAIN
287,2020/3/13 20:07,paul_cude,RT @ePrintedBooks: This is just one of the great books collected from around the world by ,nan,nan,nan,This just great books collected from around world
288,2020/3/13 20:08,RivardKern,RT @jennavehvi: A whole Roman neighborhood singing a popular Italian song Volare from their balconies and waving at each other. An amazin,nan,nan,nan,whole Roman neighborhood singing popular Italian song Volare from their balconies waving each other amazin
289,2020/3/13 20:08,DoubleShotFoto,The preweddingshoot of the lovely Priya &amp; Nawien was a exciting challenge!,nan,nan,nan,preweddingshoot lovely Priya Nawien exciting challenge
290,2020/3/13 20:08,games_lawn,RT @AngelaBermudezA: Happy 8th anniversary to Journey! A videogame that literally changed my life forever  #cosplay #cosplayer #journeygam,nan,nan,nan,Happy anniversary Journey videogame that literally changed life forever #cosplay #cosplayer #journeygam
291,2020/3/13 20:08,timetwopanic6,RT @StreetArtDream: ... never broken again! #StreetArt #Art #Beauty #Heart #Love #Rebel #Graffiti #Mural #UrbanArt https://t.co/pOg6G2FiGS,nan,nan,nan,never broken again #StreetArt #Art #Beauty #Heart #Love #Rebel #Graffiti #Mural #UrbanArt
292,2020/3/13 20:08,cobianderson9,RT @MyPowertalk: We are creating our:,nan,nan,nan,creating
293,2020/3/13 20:08,dajuanjohnson,ABC...Shaaaaaade! #love,nan,nan,nan,Shaaaaaade #love
294,2020/3/13 20:08,TempestSarah,RT @jennavehvi: A whole Roman neighborhood singing a popular Italian song Volare from their balconies and waving at each other. An amazin,nan,nan,nan,whole Roman neighborhood singing popular Italian song Volare from their balconies waving each other amazin
295,2020/3/13 20:08,MiszyWalt,Looking for a online girlfriend? I'm looking for a knight in shining armor! :P Add me on #kik and #snapchat if you're interseted --&gt; Missywalts &lt;--,nan,nan,nan,Looking online girlfriend looking knight shining armor #kik #snapchat interseted Missywalts
296,2020/3/13 20:08,betty_leighton,RT @jennavehvi: A whole Roman neighborhood singing a popular Italian song Volare from their balconies and waving at each other. An amazin,nan,nan,nan,whole Roman neighborhood singing popular Italian song Volare from their balconies waving each other amazin
297,2020/3/13 20:08,Rogernash19,RT @southdownsfolk: Our 2020 festival dates? ,nan,nan,nan,festival dates
298,2020/3/13 20:08,chef_suarez,RT @ItalianFoodies1: Chi lo vorrebbe? ,nan,nan,nan,vorrebbe
299,2020/3/13 20:08,Anthmckenzie,RT @jennavehvi: A whole Roman neighborhood singing a popular Italian song Volare from their balconies and waving at each other. An amazin,nan,nan,nan,whole Roman neighborhood singing popular Italian song Volare from their balconies waving each other amazin
300,2020/3/13 20:08,grgesq,RT @jennavehvi: A whole Roman neighborhood singing a popular Italian song Volare from their balconies and waving at each other. An amazin,nan,nan,nan,whole Roman neighborhood singing popular Italian song Volare from their balconies waving each other amazin
301,2020/3/13 20:08,piktesogretmenx,RT @piktesogretmenx: Ay inanabiliyor musunuz yarn okul yok br gn de yok brs gnde brs gnde hsjsjdjd #happy,nan,nan,nan,inanabiliyor musunuz yarn okul gnde gnde hsjsjdjd #happy
302,2020/3/13 20:08,kit_kittipop,RT @ohjoyth:    ,nan,nan,nan,
303,2020/3/13 20:08,hifza____,RT @_ZiDDiKhaN: #Happy #birthday,nan,nan,nan,#Happy #birthday
304,2020/3/13 20:08,Pescefreddo,RT @jennavehvi: A whole Roman neighborhood singing a popular Italian song Volare from their balconies and waving at each other. An amazin,nan,nan,nan,whole Roman neighborhood singing popular Italian song Volare from their balconies waving each other amazin
305,2020/3/13 20:08,cassieroma,Humans are beautiful.,nan,nan,nan,Humans beautiful
306,2020/3/13 20:08,BowdyT,RT @Ali_F_Alizada: Discussions only on #coronavirus. Lets talk something positive,nan,nan,nan,Discussions only #coronavirus Lets talk something positive
307,2020/3/13 20:08,Gisespot,RT @AmeliaLedesmaOf: Cuando el amor es de verdad todas las aventuras juntas siempre salen bien @LuisitaGomezS  #AmeliaLedesma #love #girlf,nan,nan,nan,Cuando amor verdad todas aventuras juntas siempre salen bien #AmeliaLedesma #love #girlf
308,2020/3/13 20:08,SmittySmith25,Laying down some bass!! ,nan,nan,nan,Laying down some bass
309,2020/3/13 20:08,julienDuncan1,RT @terranovadesign: Self isolation it is. #Strandhill #Sligo #GoStrandhill #WildAtlanticWay #Ireland #sea #clouds #sunset #surf #love #sp,nan,nan,nan,Self isolation #Strandhill #Sligo #GoStrandhill #WildAtlanticWay #Ireland #sea #clouds #sunset #surf #love
310,2020/3/13 20:08,DuffyMalden,RT @LuvaHairDaySpa: It's @LuvaHairDaySpa 7th Anniversary.,nan,nan,nan,Anniversary
311,2020/3/13 20:08,iamambernatasha,New headshots... love the new mood of these.. ,nan,nan,nan,headshots love mood these
312,2020/3/13 20:08,PennilessScribe,RT @pdeblassieiii: Terrifying #Dreams,nan,nan,nan,Terrifying #Dreams
313,2020/3/13 20:08,Coolstorysitii,RT @shaykhalyaqoubi: Freeing our heart from all other than Allah.,nan,nan,nan,Freeing heart from other than Allah
314,2020/3/13 20:08,ipostnsfw,RT @BardotSquad: Good morning Maldives,nan,nan,nan,Good morning Maldives
315,2020/3/13 20:08,ZubairK60183797,RT @Ali_F_Alizada: Discussions only on #coronavirus. Lets talk something positive,nan,nan,nan,Discussions only #coronavirus Lets talk something positive
316,2020/3/13 20:08,SeducTiffani,What are dreams with no work effort putting in work to achieve these goals #WhiffOfTiff #Camgirlz #Model #girl #charturbate #onlyfans #love #camgirl #melanin #style #Fitness #Stoner #selfie #artist #sexy #influencer https://t.co/MC4T55Nudz,nan,nan,nan,What dreams with work effort putting work achieve these goals #WhiffOfTiff #Camgirlz #Model #girl #charturbate #onlyfans #love #camgirl #melanin #style #Fitness #Stoner #selfie #artist #sexy #influencer
317,2020/3/13 20:08,Moxiesmg,RT @jennavehvi: A whole Roman neighborhood singing a popular Italian song Volare from their balconies and waving at each other. An amazin,nan,nan,nan,whole Roman neighborhood singing popular Italian song Volare from their balconies waving each other amazin
