,date,user,text,Unnamed: 3,Unnamed: 4,Unnamed: 5,Unnamed: 6,result
0,2020/3/13 22:03,carvansita,Primavera con  #xiaomi #m1a1,nan,nan,nan,nan,primavera #xiaomi
1,2020/3/13 22:04,RealHotLavender,My #onlyfans is 30% off for the next 7 days for the next 10 subscribers! Get it while supplies last lol,nan,nan,nan,nan,#onlyfans next days next subscribers while supplies last
2,2020/3/13 22:04,Chris1090795973,RT @Wowsosexygirls: #sexy #beautiful #girls #hot https://t.co/DZ0UNFhWyn,nan,nan,nan,nan,#sexy #beautiful #girls #hot
3,2020/3/13 22:04,AndrewWarden5,What a picture !!!,nan,nan,nan,nan,what picture
4,2020/3/13 22:05,Kada_soulayman,It's : 2020-03-13T22:05:15.0729319Z ,nan,nan,nan,nan,
5,2020/3/13 22:05,daisy_deronde,RT @CocoPPaPlay_cp: Jewelry Princess,nan,nan,nan,nan,jewelry princess
6,2020/3/13 22:05,Dont_Lose_Focus,@Acyn #BEAUTIFUL https://t.co/dZSYGC6kZO,nan,nan,nan,nan,#beautiful
7,2020/3/13 22:05,OhLadyMania,In #Naples,nan,nan,nan,nan,#naples
8,2020/3/13 22:05,yo_todo_yo,styled by me for a tun&amp;vela photoshoot - estilismo en fotografia para tun&amp;vela  #TUNyVELA #love #instagood #photooftheday #picoftheday #girl #beautiful #follow #picture #StreetStyle #ootd #bestoftheday #happy https://t.co/fc9ixu06iq,nan,nan,nan,nan,styled vela photoshoot estilismo fotografia para vela #tunyvela #love #instagood #photooftheday #picoftheday #girl #beautiful #follow #picture #streetstyle #ootd #bestoftheday #happy
9,2020/3/13 22:06,katherine128com,Try to be a rainbow in someone's cloud,nan,nan,nan,nan,rainbow someone cloud
10,2020/3/13 22:06,creativespela, #beautiful Hey World!  I want to make you smile. Do you remember the thrilling cries from Wuhan homes? Look what is happening  in Napoli (Italy). Everybody singing local songs from balconies during lockdown.  https://t.co/sqGDQAB1lx,nan,nan,nan,nan,#beautiful world want make smile remember thrilling cries from wuhan homes look what happening napoli italy everybody singing local songs from balconies during lockdown
11,2020/3/13 22:06,giftedgardener0,RT @BumblebeeTrust: Hey everyone,nan,nan,nan,nan,everyone
12,2020/3/13 22:06,Dont_Lose_Focus,@Acyn @Yamiche #BEAUTIFUL https://t.co/c74WdEDX7H,nan,nan,nan,nan,#beautiful
13,2020/3/13 22:06,slutswithcocks,RT @TrannyAmateur: Grande e gostoso  #shemale #tranny #trans #toptrans #tgirl #transex #delicious #amazing #bigdick #bigcock #masturbat,nan,nan,nan,nan,grande gostoso #shemale #tranny #trans #toptrans #tgirl #transex #delicious #amazing #bigdick #bigcock #masturbat
14,2020/3/13 22:06,JWA_2016,#Beautiful #Heart Of The #Ocean #Baby #Blue #Heart #Pendant #Necklace,nan,nan,nan,nan,#beautiful #heart #ocean #baby #blue #heart #pendant #necklace
15,2020/3/13 22:07,Torabek12,#love #instagood #me #tbt #cute #follow #followme #photooftheday #happy #beautiful #selfie #picoftheday #like4like #instagramanet #instatag #smile #friends #fun #fashion #summer #instadaily #igers #instalike #swag https://t.co/CInLMJa3Iu,nan,nan,nan,nan,#love #instagood #tbt #cute #follow #followme #photooftheday #happy #beautiful #selfie #picoftheday #like like #instagramanet #instatag #smile #friends #fun #fashion #summer #instadaily #igers #instalike #swag
16,2020/3/13 22:07,JuanPer74462946,RT @TrannyAmateur: Grande e gostoso  #shemale #tranny #trans #toptrans #tgirl #transex #delicious #amazing #bigdick #bigcock #masturbat,nan,nan,nan,nan,grande gostoso #shemale #tranny #trans #toptrans #tgirl #transex #delicious #amazing #bigdick #bigcock #masturbat
17,2020/3/13 22:07,Womanlo48133542,RT @BrowningMaliyah: i'm horny naughty grl do you want to have some fun? help me get 77 rt,nan,nan,nan,nan,horny naughty want have some help
18,2020/3/13 22:07,Keymasterke,chloe.cornet  Beauty needs no words #photomodel#photo#photography#portrait#portret#beauty#beautiful#instadaily#igportraits,nan,nan,nan,nan,chloe cornet beauty needs words #photomodel#photo#photography#portrait#portret#beauty#beautiful#instadaily#igportraits
19,2020/3/13 22:07,1oxo_1oxo,RT @TrannyAmateur: Grande e gostoso  #shemale #tranny #trans #toptrans #tgirl #transex #delicious #amazing #bigdick #bigcock #masturbat,nan,nan,nan,nan,grande gostoso #shemale #tranny #trans #toptrans #tgirl #transex #delicious #amazing #bigdick #bigcock #masturbat
20,2020/3/13 22:08,burrraofficial,#Burrra #hotgirl #hotgirlsummer #beautiful #love #hot #model #fashion #cute #beauty #girl #like #sexygirl #instagram #cutegirl #girls #likeforlikes #sexy #likes #music #summer #beautifulgirls #sex #hotgirls #trending #couple #funny #photooftheday #a https://t.co/pPpcE2tntx,nan,nan,nan,nan,#burrra #hotgirl #hotgirlsummer #beautiful #love #hot #model #fashion #cute #beauty #girl #like #sexygirl #instagram #cutegirl #girls #likeforlikes #sexy #likes #music #summer #beautifulgirls #sex #hotgirls #trending #couple #funny #photooftheday
21,2020/3/13 22:08,Newmediastudiow,#fashion #influencer #florida #floridalife #nextmodels #fgcu #influencermarketing #influencerstyle #nextmodel #photooftheday #beautiful #socialinfluencer #modelscout @ North Naples,nan,nan,nan,nan,#fashion #influencer #florida #floridalife #nextmodels #fgcu #influencermarketing #influencerstyle #nextmodel #photooftheday #beautiful #socialinfluencer #modelscout north naples
22,2020/3/13 22:08,nudeboysex,#shirtlessguys #gayboy #gaytwink #gaycute #skinnyboy #fitnessmodel #handsome #handsomeboy #hotboy #sexy #picture #picturegay #pictureboy #porn #sex #minet #gay #gaysex #beautiful #beautifulguys https://t.co/XbGhct8dUr,nan,nan,nan,nan,#shirtlessguys #gayboy #gaytwink #gaycute #skinnyboy #fitnessmodel #handsome #handsomeboy #hotboy #sexy #picture #picturegay #pictureboy #porn #sex #minet #gay #gaysex #beautiful #beautifulguys
23,2020/3/13 22:08,leroe24fotos,#ladygaga #leroe24fotos #enigma #therealfokkingdeal #gagaxleroe24fotos #teamleroe24fotos #lasvegas #love #beautiful #newyorkcitysbrighteststar #stefig #germanotta #mylove #mybaby #mymuse #LG #GAGA #GAGASGLITCH https://t.co/XF9VtwqYdz,nan,nan,nan,nan,#ladygaga #leroe fotos #enigma #therealfokkingdeal #gagaxleroe fotos #teamleroe fotos #lasvegas #love #beautiful #newyorkcitysbrighteststar #stefig #germanotta #mylove #mybaby #mymuse #gaga #gagasglitch
24,2020/3/13 22:09,GamezBravo,RT @JackLawsome: Sunsets are proof that,nan,nan,nan,nan,sunsets proof that
25,2020/3/13 22:09,PGStanhamVDLSK,#Mermories... #Summer2020...,nan,nan,nan,nan,#mermories #summer
26,2020/3/13 22:09,RareAmigo,Casa King,nan,nan,nan,nan,casa king
27,2020/3/13 22:09,milosbre27,RT @Hottie174: What a beauty!,nan,nan,nan,nan,what beauty
28,2020/3/13 22:09,Earthkarmajewel,#Lovely #pear #shape #bead #border #Moonstone #Pendant #necklace #gleaming #beautiful #rainbow #aura #Earthkarmajewellery  https://t.co/KkE2jhSMeX,nan,nan,nan,nan,#lovely #pear #shape #bead #border #moonstone #pendant #necklace #gleaming #beautiful #rainbow #aura #earthkarmajewellery
29,2020/3/13 22:10,NikkNazsty,#BEAUTIFUL DAY .. ,nan,nan,nan,nan,#beautiful
30,2020/3/13 22:10,castncatchapp,It aint much,nan,nan,nan,nan,aint much
31,2020/3/13 22:10,Kada_soulayman,It's : 2020-03-13T22:10:15.3592956Z ,nan,nan,nan,nan,
32,2020/3/13 22:10,gqWBKgstdPotE11,RT @JackLawsome: Sunsets are proof that,nan,nan,nan,nan,sunsets proof that
33,2020/3/13 22:10,Higgsbosonx,#photography #canon #6dmarkii #6dmark2 #canonphotography #beautiful @tehran.gardan #iran_landscape_shooters #anjoman_aj @anjoman_ir #bnw #blackandwhite #bnwphotography #__ #portraitphotography #portrait #_ #oldman #horse https://t.co/JufxLEMx3i,nan,nan,nan,nan,#photography #canon dmarkii dmark #canonphotography #beautiful gardan #iran landscape shooters #anjoman #bnw #blackandwhite #bnwphotography #portraitphotography #portrait #oldman #horse
34,2020/3/13 22:11,scunthorpepr,RT @JWA_2016: #Beautiful #Heart Of The #Ocean #Baby #Blue #Heart #Pendant #Necklace,nan,nan,nan,nan,#beautiful #heart #ocean #baby #blue #heart #pendant #necklace
35,2020/3/13 22:11,MsLisaAppleton,RT @MsLisaAppleton: #DELIGHTED to announce my #BALLS Beyond-Anxiety-Love-Light-Success #Biography #Book  is now #Available for #PreOrder @,nan,nan,nan,nan,#delighted announce #balls beyond anxiety love light success #biography #book #available #preorder
36,2020/3/13 22:11,PGStanhamVDLSK,#Mermories... #Summer2020... #Doby...,nan,nan,nan,nan,#mermories #summer #doby
37,2020/3/13 22:12,RifFlame,RT @JackLawsome: Sunsets are proof that,nan,nan,nan,nan,sunsets proof that
38,2020/3/13 22:12,Camera_Pro_Shop,30sec ver #4K #VR #360Video Scuba Diving Coral reefs / EuMI VR_201801,nan,nan,nan,nan,video scuba diving coral reefs eumi
39,2020/3/13 22:12,luminouscorner,#beautiful #lampe Long Silver Metal Wall Lamp https://t.co/V8ja3JjvVs https://t.co/zShTYRk1N2,nan,nan,nan,nan,#beautiful #lampe long silver metal wall lamp
40,2020/3/13 22:13,simone_pecanha, wow I LOVE    #Dog #Twitter  #Happiness #wow #beautiful  https://t.co/R66xpPZN8e,nan,nan,nan,nan,love #dog #twitter #happiness #wow #beautiful
41,2020/3/13 22:13,ShawnMcClinton,@beauxfeet I would love to suck those #beautiful #plumptoes!,nan,nan,nan,nan,would love suck those #beautiful #plumptoes
42,2020/3/13 22:14,burrraofficial,#Burrra #babes #beautiful #love #follow #cute #sexy #babe #girls #fashion #like #party #beautifulgirls #beauty #nightlife #the #dance #enjoy #loveislove #sweet #babies #married #boyfriends #girl #lifestyle #forevertogheter #foreverlove #grooms #swee https://t.co/MDE4DEn4FI,nan,nan,nan,nan,#burrra #babes #beautiful #love #follow #cute #sexy #babe #girls #fashion #like #party #beautifulgirls #beauty #nightlife #the #dance #enjoy #loveislove #sweet #babies #married #boyfriends #girl #lifestyle #forevertogheter #foreverlove #grooms #swee
43,2020/3/13 22:14,TeresaB89576318,RT @JP_Indica: Zumbando Indicando,nan,nan,nan,nan,zumbando indicando
44,2020/3/13 22:14,joshhall54868,RT @chemistrywhiz08: Happy #FridayThe13th with @AniMiaOfficial cosplaying as #JasonVoorhees!! Enjoy your day! #AniMia #Gorgeous #Sexy #Beau,nan,nan,nan,nan,happy #fridaythe with cosplaying #jasonvoorhees enjoy your #animia #gorgeous #sexy #beau
45,2020/3/13 22:14,giggleloja,Lindo e confortvel!! Um luxo em forma de roupa ! ,nan,nan,nan,nan,lindo confortvel luxo forma roupa
46,2020/3/13 22:14,darkponpoko2,RT @Mareito2: I #love  #You very #MuchLove #EVERYBODY #iloveyou #iloveyou ,nan,nan,nan,nan,#love #you very #muchlove #everybody #iloveyou #iloveyou
47,2020/3/13 22:14,ATSocialMedias,RT @JWA_2016: #Beautiful #Heart Of The #Ocean #Baby #Blue #Heart #Pendant #Necklace,nan,nan,nan,nan,#beautiful #heart #ocean #baby #blue #heart #pendant #necklace
48,2020/3/13 22:15,Kada_soulayman,It's : 2020-03-13T22:15:15.7889910Z ,nan,nan,nan,nan,
49,2020/3/13 22:15,xoxkelliannexox,Work sucksss,nan,nan,nan,nan,work sucksss
50,2020/3/13 22:15,WGutuzzo,RT @RashadaWrites: Happy Friday friends! Have a wonderful day. ,nan,nan,nan,nan,happy friday friends have wonderful
51,2020/3/13 22:15,bangles4you,Photo and Naam waleHeartShaped kangan For Order DM OR Whatsapp Me On This Number -9911926044 #bangles4you #salmank00786 #churiwala #Ayanbanglestore #ayanbanglesstore #sallu4you #me #beautiful #naamwalekangan https://t.co/nt5RY6kwzJ,nan,nan,nan,nan,photo naam waleheartshaped kangan order whatsapp this number #bangles #salmank #churiwala #ayanbanglestore #ayanbanglesstore #sallu #beautiful #naamwalekangan
52,2020/3/13 22:15,locaxlosviajes, PE U - ,nan,nan,nan,nan,
53,2020/3/13 22:15,PGStanhamVDLSK,#Mermories... #Summer2020... #Me...,nan,nan,nan,nan,#mermories #summer
54,2020/3/13 22:16,nefpatra,Effortlessly elegant is what this is,nan,nan,nan,nan,effortlessly elegant what this
55,2020/3/13 22:16,homegrownfreaks,#Homegrownfreaks #Beautiful #Models #Daily #RT https://t.co/x0BxBu2yOd,nan,nan,nan,nan,#homegrownfreaks #beautiful #models #daily
56,2020/3/13 22:16,AgusSup39011241,RT @RashadaWrites: Happy Friday friends! Have a wonderful day. ,nan,nan,nan,nan,happy friday friends have wonderful
57,2020/3/13 22:16,drewliophoto,Cheer up!,nan,nan,nan,nan,cheer
58,2020/3/13 22:16,jrceranornelson,Mouvman jounen an #footballwave falcao12oficial #soccer #sports #beautiful https://t.co/GHADhuL5T6,nan,nan,nan,nan,mouvman jounen #footballwave falcao oficial #soccer #sports #beautiful
59,2020/3/13 22:16,AntniaMedeiros5,RT @AngelaMariabs20: Pssaro danarino ,nan,nan,nan,nan,pssaro danarino
60,2020/3/13 22:16,DavePig3,RT @pregnancy_pics: #pregnant #cute #beautiful https://t.co/56bPOqdkQ8,nan,nan,nan,nan,#pregnant #cute #beautiful
61,2020/3/13 22:16,XxPrinceTimxX,RT @stunning_curves: The gorgeous @MischevousKitty dressed in leopard print and fucked hard.,nan,nan,nan,nan,gorgeous dressed leopard print fucked hard
62,2020/3/13 22:17,BernardBrett2,RT @JamesAlmas: Here is a #photo of my hometown taken just after sunset! Beautiful #WestVancouver is located on the southwest coast of #Can,nan,nan,nan,nan,here #photo hometown taken just after sunset beautiful #westvancouver located southwest coast #can
63,2020/3/13 22:17,BernardBrett2,RT @JamesAlmas: How lucky was I to find this #beautiful #Owl visiting my home in #WestVancouver  tonight! It was raining and pitch black,nan,nan,nan,nan,lucky find this #beautiful #owl visiting home #westvancouver tonight raining pitch black
64,2020/3/13 22:17,PGStanhamVDLSK,#Mermories... #Summer2020... #Paz... #Mia...,nan,nan,nan,nan,#mermories #summer #paz #mia
65,2020/3/13 22:17,KeishaFanClub,nan,nan,nan,nan,nan,
66,2020/3/13 22:17,BernardBrett2,RT @JamesAlmas: This is #WhytecliffPark located in #beautiful #WestVancouver . A favourite spot for #scubadivers because of its vast mari,nan,nan,nan,nan,this #whytecliffpark located #beautiful #westvancouver favourite spot #scubadivers because vast mari
67,2020/3/13 22:17,JHobma,RT @AngelaMariabs20: Pssaro danarino ,nan,nan,nan,nan,pssaro danarino
68,2020/3/13 22:17,BernardBrett2,RT @JamesAlmas: What a treat it was to walk outside and find this barred owl relaxing on my front lawn in #beautiful ,nan,nan,nan,nan,what treat walk outside find this barred relaxing front lawn #beautiful
69,2020/3/13 22:18,anglerhubRT,RT @castncatchapp: It aint much but its honest work!  #true #honest #work #friday #fridayvibes #friyay #fishingmeme #fishingmemes #,nan,nan,nan,nan,aint much honest work #true #honest #work #friday #fridayvibes #friyay #fishingmeme #fishingmemes
70,2020/3/13 22:18,KeishaFanClub,RT @KeishaFanClub: ,nan,nan,nan,nan,
71,2020/3/13 22:18,MrWil48,"RT @SuicideGirls: #Beautiful @LauraBrokenDoll is back on the front page with her 17th #photoset  See ""Shades of Pink"" on the #frontpage of",nan,nan,nan,nan,#beautiful back front page with #photoset shades pink #frontpage
72,2020/3/13 22:18,acr_val,RT @HotBaby_sexy: #Pussy #beautiful #beauty #colegialascachondas #Sexybaby  https://t.co/KyiIK90isz,nan,nan,nan,nan,#pussy #beautiful #beauty #colegialascachondas #sexybaby
73,2020/3/13 22:18,Slum_Mcgeek78,@loulouiseweb14 @Xpanded Happy #FriskyFriday Stevie I hope you're enjoying plenty of saucy fun!! #Beautiful ,nan,nan,nan,nan,happy #friskyfriday stevie hope enjoying plenty saucy #beautiful
74,2020/3/13 22:19,stephencimini,  eclectic beauty    Art in Environments https://t.co/Sj1A4ACXuh  #abstract  #interior design #geometric #fine art https://t.co/VbJGNKfR5y,nan,nan,nan,nan,eclectic beauty environments #abstract #interior design #geometric #fine
75,2020/3/13 22:19,PajaroLocoEsp,derogar LIVG YA! @PajaroLocoEsp #stop_livg #LaAlternativa #CustodiaCompartida #IgualdadReal #love #instagood #photooftheday #fashion #beautiful #happy #cute #soydederecha #like4like #followme #picoftheday #follow #me https://t.co/RBd1ig95IY,nan,nan,nan,nan,derogar livg #stop livg #laalternativa #custodiacompartida #igualdadreal #love #instagood #photooftheday #fashion #beautiful #happy #cute #soydederecha #like like #followme #picoftheday #follow
76,2020/3/13 22:20,MagicalUnicorns,RT @AngelaMariabs20: Pssaro danarino ,nan,nan,nan,nan,pssaro danarino
77,2020/3/13 22:20,Kada_soulayman,It's : 2020-03-13T22:20:15.9615725Z ,nan,nan,nan,nan,
78,2020/3/13 22:20,PajaroLocoEsp,derogar LIVG YA! @PajaroLocoEsp #stop_livg #LaAlternativa #CustodiaCompartida #IgualdadReal #love #instagood #photooftheday #fashion #beautiful #happy #cute #soydederecha #like4like #followme #picoftheday #follow https://t.co/YnMdGsRbUX,nan,nan,nan,nan,derogar livg #stop livg #laalternativa #custodiacompartida #igualdadreal #love #instagood #photooftheday #fashion #beautiful #happy #cute #soydederecha #like like #followme #picoftheday #follow
79,2020/3/13 22:20,_3135947067842,RT @hiroyki10:  @passione_street,nan,nan,nan,nan,
80,2020/3/13 22:20,_3135947067842,RT @hiroyki10:  @passione_street,nan,nan,nan,nan,
81,2020/3/13 22:20,nudeboysex,#shirtlessguys #gayboy #gaytwink #gaycute #skinnyboy #fitnessmodel #handsome #handsomeboy #hotboy #sexy #picture #picturegay #pictureboy #porn #sex #minet #gay #gaysex #beautiful #beautifulguys https://t.co/IUTJMR6z5W,nan,nan,nan,nan,#shirtlessguys #gayboy #gaytwink #gaycute #skinnyboy #fitnessmodel #handsome #handsomeboy #hotboy #sexy #picture #picturegay #pictureboy #porn #sex #minet #gay #gaysex #beautiful #beautifulguys
82,2020/3/13 22:20,greg1829,People in Italy finding beauty and humanity in such difficult times. #proud #italy #pray #beautiful #humanity  https://t.co/jwgZVoDMd0,nan,nan,nan,nan,people italy finding beauty humanity such difficult times #proud #italy #pray #beautiful #humanity
83,2020/3/13 22:21,nudeboysex,#shirtlessguys #gayboy #gaytwink #gaycute #skinnyboy #fitnessmodel #handsome #handsomeboy #hotboy #sexy #picture #picturegay #pictureboy #porn #sex #minet #gay #gaysex #beautiful #beautifulguys https://t.co/nm9rw45Mvd,nan,nan,nan,nan,#shirtlessguys #gayboy #gaytwink #gaycute #skinnyboy #fitnessmodel #handsome #handsomeboy #hotboy #sexy #picture #picturegay #pictureboy #porn #sex #minet #gay #gaysex #beautiful #beautifulguys
84,2020/3/13 22:21,PajaroLocoEsp,derogar LIVG YA! @PajaroLocoEsp #stop_livg #LaAlternativa #CustodiaCompartida #IgualdadReal #love #instagood #photooftheday #fashion #beautiful #happy #cute #soydederecha #like4like #followme #picoftheday #follow #me https://t.co/SsoUSSNX13,nan,nan,nan,nan,derogar livg #stop livg #laalternativa #custodiacompartida #igualdadreal #love #instagood #photooftheday #fashion #beautiful #happy #cute #soydederecha #like like #followme #picoftheday #follow
85,2020/3/13 22:21,Frizemedia,RT @Charlesfrize: #Art Tips - #Monoprint And #Foxing #painting #FrizeMedial #fine https://t.co/F1uV14aQ2W via @Charlesfrize,nan,nan,nan,nan,#art tips #monoprint #foxing #painting #frizemedial #fine
86,2020/3/13 22:21,PGStanhamVDLSK,#Thoughts... #Que... #Nos... #De...,nan,nan,nan,nan,#thoughts #que #nos
87,2020/3/13 22:21,fantasma627,RT @JackLawsome: Sunsets are proof that,nan,nan,nan,nan,sunsets proof that
88,2020/3/13 22:22,cartona_vanna,RT @carta_story: Non so come fai ma quando sorridi  tutto il mondo si illumina.,nan,nan,nan,nan,come quando sorridi tutto mondo illumina
89,2020/3/13 22:22,KarenMarieHart,RT @Hottie174: What a beauty!,nan,nan,nan,nan,what beauty
90,2020/3/13 22:22,ShawnteariaK9,Guess My Sign ,nan,nan,nan,nan,guess sign
91,2020/3/13 22:22,Katarin238,RT @SuicideGirls: Dear diary we can't stop thinking of #beautiful Vitoria after her seeing her new #setfotheday  Catch the full photoset,nan,nan,nan,nan,dear diary stop thinking #beautiful vitoria after seeing #setfotheday catch full photoset
92,2020/3/13 22:23,ValeNappi_off,#latina #blackpussy #asshole #beautiful https://t.co/DA2pK9r6tb,nan,nan,nan,nan,#latina #blackpussy #asshole #beautiful
93,2020/3/13 22:23,hiro00187470,RT @phantomladyjp: Model:,nan,nan,nan,nan,model
94,2020/3/13 22:23,EShopped,#beautiful #shopping Casual Water-Resistant Unisex PU Leather Sport Watch https://t.co/Q8yTN8rxSq,nan,nan,nan,nan,#beautiful #shopping casual water resistant unisex leather sport watch
95,2020/3/13 22:23,BriannaZero,May i have a kiss on this ?  @chaturbate @BellaShae4 @CamGirlWars @RealityPornKing   #ass #nude #horny #slap #bigass #kissme #nightlife #beautiful https://t.co/9BbfmTtDmq,nan,nan,nan,nan,have kiss this #ass #nude #horny #slap #bigass #kissme #nightlife #beautiful
96,2020/3/13 22:23,BaszMM,'Crazy Chase' jazzy music by @BaszMM https://t.co/D7ztjyCQnA,nan,nan,nan,nan,crazy chase jazzy music
97,2020/3/13 22:23,SilvioAntonioS5,RT @Wowsosexygirls: #sexy #beautiful #girls #hot https://t.co/7ppFqFE1Ev,nan,nan,nan,nan,#sexy #beautiful #girls #hot
98,2020/3/13 22:23,haleuysali,You must be the change you wish to see in the world.,nan,nan,nan,nan,must change wish world
99,2020/3/13 22:24,rafaelrodr92,Aaaaamo los atardeceres as #nubes #clouds #sunset #nofilter #beautiful #beautifulplaces #sky https://t.co/yM7EYGEE1k,nan,nan,nan,nan,aaaaamo atardeceres #nubes #clouds #sunset #nofilter #beautiful #beautifulplaces #sky
100,2020/3/13 22:24,AngelaMariabs20,RT @AngelaMariabs20: Pssaro danarino ,nan,nan,nan,nan,pssaro danarino
101,2020/3/13 22:24,catiebstylin,Partial balayage on virgin hair. Sooo beautiful! ,nan,nan,nan,nan,partial balayage virgin hair sooo beautiful
102,2020/3/13 22:24,Birol_035,RT @AngelaMariabs20: Pssaro danarino ,nan,nan,nan,nan,pssaro danarino
103,2020/3/13 22:25,Shoptaxfree,8 Irish islands for every kind of adventure #ireland #travel #instatravel #photography #wanderlust #traveling #trip #beautiful #vacation #traveler #explore #adventure https://t.co/TISrF4sTtR,nan,nan,nan,nan,irish islands every kind adventure #ireland #travel #instatravel #photography #wanderlust #traveling #trip #beautiful #vacation #traveler #explore #adventure
104,2020/3/13 22:25,Hoseokkanda,#beautiful #SweetNightbyTaehyung taehyung voice ia so magical,nan,nan,nan,nan,#beautiful #sweetnightbytaehyung taehyung voice magical
105,2020/3/13 22:25,Kada_soulayman,It's : 2020-03-13T22:25:16.2677297Z ,nan,nan,nan,nan,
106,2020/3/13 22:25,FlorezYanny,RT @Hottie174: What a beauty!,nan,nan,nan,nan,what beauty
107,2020/3/13 22:25,persvision,#cipoandbaxx #jeans #cipobaxx #style #fashionstyle #fashion #streetwearfashion #streetwear #instafashion #instafashion #style #ootd #instagood #beautiful #photooftheday #model #instafashion #moda #fashionblogger https://t.co/jf7ScWyGSF,nan,nan,nan,nan,#cipoandbaxx #jeans #cipobaxx #style #fashionstyle #fashion #streetwearfashion #streetwear #instafashion #instafashion #style #ootd #instagood #beautiful #photooftheday #model #instafashion #moda #fashionblogger
108,2020/3/13 22:25,ArakiCrafts,#Gifts for Her  https://t.co/6La6l4cyhD #beautiful #hair comb by @ArakiCrafts via @Etsy #hairbrush #birthday #gift #etsyfinds #EtsySocial #etsyshop #MothersDay #mothersdaygift https://t.co/a8Knz92pjA,nan,nan,nan,nan,#gifts #beautiful #hair comb #hairbrush #birthday #gift #etsyfinds #etsysocial #etsyshop #mothersday #mothersdaygift
109,2020/3/13 22:25,Angelik01017077,RT @Hottie174: What a beauty!,nan,nan,nan,nan,what beauty
110,2020/3/13 22:25,momo4755669083,RT @Neo34106880: ,nan,nan,nan,nan,
111,2020/3/13 22:25,merienditascake,Te invitamos una pia colada,nan,nan,nan,nan,invitamos colada
112,2020/3/13 22:25,BlastFMSocial,RT @BoyGeorgesPage: #beautiful #BoyGeorge  https://t.co/uk3FxzLIOY,nan,nan,nan,nan,#beautiful #boygeorge
113,2020/3/13 22:25,asia4431,men wear the pants but the women control the zipper #Baton Rouge  #sexchat #dog #beautiful https://t.co/OqZbklidmg,nan,nan,nan,nan,wear pants women control zipper #baton rouge #sexchat #dog #beautiful
114,2020/3/13 22:25,Tanisman1,RT @Hottie174: Vik Black Sand Beach,nan,nan,nan,nan,black sand beach
115,2020/3/13 22:26,Pamukprens19,RT @Wowsosexygirls: #sexy #beautiful #girls #hot https://t.co/8IFXYuAg7Q,nan,nan,nan,nan,#sexy #beautiful #girls #hot
116,2020/3/13 22:26,fotos_porai,Andando e fotografando por a! #vilamaria #fotos #natureza #armonia #rvores #araucria #beleza #cu #perfeito #gratido #pictures #nature #Beautiful #natureza_linda #natureza_Brasil https://t.co/ONnRMNiOwc,nan,nan,nan,nan,andando fotografando #vilamaria #fotos #natureza #armonia #rvores #araucria #beleza #perfeito #gratido #pictures #nature #beautiful #natureza linda #natureza brasil
117,2020/3/13 22:26,carryonwithkids,RT @Shoptaxfree: 8 Irish islands for every kind of adventure #ireland #travel #instatravel #photography #wanderlust #traveling #trip #beaut,nan,nan,nan,nan,irish islands every kind adventure #ireland #travel #instatravel #photography #wanderlust #traveling #trip #beaut
118,2020/3/13 22:26,Angelik01017077,"RT @Hottie174: ""Monument Valley Morning"" - Photograph by Ryan Smith ",nan,nan,nan,nan,monument valley morning photograph ryan smith
119,2020/3/13 22:26,Angelik01017077,RT @Hottie174: Hutt Lagoon Australia #huttlagoon #australia #pinklake #beautiful,nan,nan,nan,nan,hutt lagoon australia #huttlagoon #australia #pinklake #beautiful
120,2020/3/13 22:26,gooch033,RT @LaurenacostaFIT: #beautiful #sexy #fitnessmodel #musclewomen #hot https://t.co/0gAEciysGX,nan,nan,nan,nan,#beautiful #sexy #fitnessmodel #musclewomen #hot
121,2020/3/13 22:26,sangkent4,nan,nan,nan,nan,nan,
122,2020/3/13 22:26,Angelik01017077,RT @Hottie174: Private Beach Home  #monterey #california #beautiful #wow #love https://t.co/euwGDcJvki,nan,nan,nan,nan,private beach home #monterey #california #beautiful #wow #love
123,2020/3/13 22:26,Tanisman1,"RT @Hottie174: ""Monument Valley Morning"" - Photograph by Ryan Smith ",nan,nan,nan,nan,monument valley morning photograph ryan smith
124,2020/3/13 22:26,Angelik01017077,RT @Hottie174: Stokksnes Iceland  #iceland #stokksnes #beautiful #wow,nan,nan,nan,nan,stokksnes iceland #iceland #stokksnes #beautiful #wow
125,2020/3/13 22:26,ledyfas,Just look that`s outstanding!,nan,nan,nan,nan,just look that outstanding
126,2020/3/13 22:26,Tanisman1,RT @Hottie174: Hutt Lagoon Australia #huttlagoon #australia #pinklake #beautiful,nan,nan,nan,nan,hutt lagoon australia #huttlagoon #australia #pinklake #beautiful
127,2020/3/13 22:27,LinkedInLeadsUK,RT @PropertySlc: https://t.co/zPMJJ7yboy Buy to let HMO did not even have a working smoke detector #ATSocialMediaUK  #rtukseller #uksmallbi,nan,nan,nan,nan,even have working smoke detector #atsocialmediauk #rtukseller #uksmallbi
128,2020/3/13 22:27,Angelik01017077,RT @Hottie174: Vik Black Sand Beach,nan,nan,nan,nan,black sand beach
129,2020/3/13 22:27,amacha_17123,RT @amacha_17123: fine   #fine,nan,nan,nan,nan,fine #fine
130,2020/3/13 22:27,amacha_17123,RT @amacha_17123: fine   #fine,nan,nan,nan,nan,fine #fine
131,2020/3/13 22:28,Angelik01017077,RT @Hottie174: Point Betsie Lighthouse  #lakemichigan #photography #beautiful,nan,nan,nan,nan,point betsie lighthouse #lakemichigan #photography #beautiful
132,2020/3/13 22:28,DenyerDesigns,https://t.co/kTuQRpTY69 #Oscars #goldenglobes #tonys #emmys #events #birthday #goingaway #vacation #beachlife #lighthouses #OMG #playingcards #bicylce_playing_cards #seascape #Beachlife These are #FINE #ART #Playing #Cards #USA #Patriotic #Navy #giftidea,nan,nan,nan,nan,#oscars #goldenglobes #tonys #emmys #events #birthday #goingaway #vacation #beachlife #lighthouses #omg #playingcards #bicylce playing cards #seascape #beachlife these #fine #art #playing #cards #usa #patriotic #navy #giftidea
133,2020/3/13 22:29,o94UzKXfU7ajEjD,RT @HotBaby_sexy: #Pussy #beautiful #beauty #colegialascachondas #Sexybaby  https://t.co/KyiIK90isz,nan,nan,nan,nan,#pussy #beautiful #beauty #colegialascachondas #sexybaby
134,2020/3/13 22:29,Julie74041,Would you like to cum on these boobs? #Memphis   #beautiful #fact https://t.co/0Xofontqva,nan,nan,nan,nan,would like these boobs #memphis #beautiful #fact
135,2020/3/13 22:29,SimplyLovelyLad,"#beautiful ""The rest is still unwritten"" Pendant https://t.co/yykdNgIAAx",nan,nan,nan,nan,#beautiful rest still unwritten pendant
136,2020/3/13 22:29,mknace,Leman Miko : Menggedikz. Lebih banyak info @ https://t.co/3pSsnbUBw1,nan,nan,nan,nan,leman miko menggedikz lebih banyak info
137,2020/3/13 22:29,wwegirl9,Stop by and take a look at these #beautiful #necklaces: https://t.co/crCUBBD6U4. #crosses #god #shopping #onlineshopping #gifts @ Meriden,nan,nan,nan,nan,stop take look these #beautiful #necklaces #crosses #god #shopping #onlineshopping #gifts meriden
138,2020/3/13 22:29,amacha_17123,RT @amacha_17123: @melisa_ohashi @passionephoto @syakaigeinou @fine_asahi @rapuchanchan  (fine) 2020.2.28(),nan,nan,nan,nan,fine
139,2020/3/13 22:29,amacha_17123,RT @amacha_17123: @rapuchanchan @fine_asahi @melisa_ohashi @fresh_akiba    (fine)              2020.2.28(),nan,nan,nan,nan,fine
140,2020/3/13 22:29,amacha_17123,RT @amacha_17123:  (fine)     (fine) ,nan,nan,nan,nan,fine fine
141,2020/3/13 22:29,amacha_17123,RT @amacha_17123:  (fine) 2020.2.28(),nan,nan,nan,nan,fine
142,2020/3/13 22:29,BooSoonYew67,RT @gracehwang1970: @BooSoonYew67 But,nan,nan,nan,nan,
143,2020/3/13 22:29,amacha_17123,RT @amacha_17123:  (fine) 2020.2.28(),nan,nan,nan,nan,fine
144,2020/3/13 22:29,ArakiCrafts,RT @ArakiCrafts: #Curly #Hair Comb https://t.co/1JSC53dr41 #gifts for #wife by @ArakiCrafts via @Etsy #MothersDay #StPatricksDay #spring #S,nan,nan,nan,nan,#curly #hair comb #gifts #wife #mothersday #stpatricksday #spring
145,2020/3/13 22:30,amacha_17123,RT @amacha_17123:  (fine) 2020.3.4(),nan,nan,nan,nan,fine
146,2020/3/13 22:30,ArakiCrafts,"RT @ArakiCrafts: Thank you Susan D.  ""I bought this for my son and he loves it."" #handmade comb by @arakicrafts #vintage https://t.co/",nan,nan,nan,nan,thank susan bought this loves #handmade comb #vintage
147,2020/3/13 22:30,amacha_17123,RT @amacha_17123:  (fine)       (fine) ,nan,nan,nan,nan,fine fine
148,2020/3/13 22:30,ChrisLSchneider,RT @AngelaMariabs20: Pssaro danarino ,nan,nan,nan,nan,pssaro danarino
149,2020/3/13 22:30,KariJoys,Just be your flawed #Beautiful Self! #JoyTrain #SelfLove #Motivation  RT @NADIANASREDDINE https://t.co/mH4AjWf4D4,nan,nan,nan,nan,just your flawed #beautiful self #joytrain #selflove #motivation
150,2020/3/13 22:30,KNixxo,Having fun on my Premium snap cum HMU on my Public to get previews see you there https://t.co/u9qA8B2UIi #beautiful #girls #sexy #photooftheday #selfie  #followme #cute #girl #picoftheday https://t.co/vDEDdgJQQ3,nan,nan,nan,nan,having premium snap public previews there #beautiful #girls #sexy #photooftheday #selfie #followme #cute #girl #picoftheday
151,2020/3/13 22:30,citylife__pics,RT @PittsburghBeaut: Gorgeous shot by LeMontae sent with the Pittsburgh Beautiful app. Thank you! #pittsburghbeautiful #pittsburgh #city #c,nan,nan,nan,nan,gorgeous shot lemontae sent with pittsburgh beautiful thank #pittsburghbeautiful #pittsburgh #city
152,2020/3/13 22:30,amacha_17123,RT @amacha_17123:   (fine) 2020.2.28(),nan,nan,nan,nan,fine
153,2020/3/13 22:30,AustinT80442992,Be Savage,nan,nan,nan,nan,savage
154,2020/3/13 22:30,Kada_soulayman,It's : 2020-03-13T22:30:16.6356565Z ,nan,nan,nan,nan,
155,2020/3/13 22:30,neetanaturals,#NeetaNaturals all natural #perfume is a #beautiful blend of #organic essential oils such as #rose,nan,nan,nan, &amp; #sandalwood. It is handcrafted &amp; formulated without alcohol or synthetic chemicals,#neetanaturals natural #perfume #beautiful blend #organic essential oils such #rose
156,2020/3/13 22:30,SatoshiModels,Pictures of Sexy Women #Sexy #Beautiful #cute #boobs hot girls March 13,nan,nan,nan,nan,pictures sexy women #sexy #beautiful #cute #boobs girls march
157,2020/3/13 22:30,ArakiCrafts,RT @ArakiCrafts: Sectioning/Styling Comb https://t.co/dkCaQaI3hr #beautiful #natural comb by @ArakiCrafts via @etsy #styling #hairstyling #,nan,nan,nan,nan,sectioning styling comb #beautiful #natural comb #styling #hairstyling
158,2020/3/13 22:30,ShadowDogDesign,RT @ArakiCrafts: Sectioning/Styling Comb https://t.co/dkCaQaI3hr #beautiful #natural comb by @ArakiCrafts via @etsy #styling #hairstyling #,nan,nan,nan,nan,sectioning styling comb #beautiful #natural comb #styling #hairstyling
159,2020/3/13 22:30,renato_menna,RT @neetanaturals: #NeetaNaturals all natural #perfume is a #beautiful blend of #organic essential oils such as #rose,nan,nan,nan,nan,#neetanaturals natural #perfume #beautiful blend #organic essential oils such #rose
160,2020/3/13 22:30,ReArtistron,RT @MyHighDomains: The domain name https://t.co/lWz4x6FMEB is for sale ,nan,nan,nan,nan,domain name sale
161,2020/3/13 22:30,OurBloggingLife,RT @mknace: Leman Miko : Menggedikz. Lebih banyak info @ https://t.co/3pSsnbUBw1,nan,nan,nan,nan,leman miko menggedikz lebih banyak info
162,2020/3/13 22:30,MariaBallone,RT @carta_story: Non so come fai ma quando sorridi,nan,nan,nan,nan,come quando sorridi
163,2020/3/13 22:30,FleurDeVillainy,Until further notice,nan,nan,nan,nan,until further notice
164,2020/3/13 22:30,JNTM_,Everyone travels by boat.,nan,nan,nan,nan,everyone travels boat
165,2020/3/13 22:30,fotos_porai,Andando e fotografando por a! #vilamaria  #fotos #natureza #armonia #perfeita #cascata #linda #perfeita #pictures #nature #cascade #Beautiful #natureza_linda #natureza_Brasil #love https://t.co/Hva3CXbOIW,nan,nan,nan,nan,andando fotografando #vilamaria #fotos #natureza #armonia #perfeita #cascata #linda #perfeita #pictures #nature #cascade #beautiful #natureza linda #natureza brasil #love
166,2020/3/13 22:30,ArakiCrafts,RT @ArakiCrafts: #Anniversary #gift for #love one https://t.co/nxKDbfb3yd #Luxury horn comb by @ArakiCrafts,nan,nan,nan,nan,#anniversary #gift #love #luxury horn comb
167,2020/3/13 22:31,alexiacamgirlok,ONLINE,nan,nan,nan,nan,online
168,2020/3/13 22:31,Mattyshack,@Imamofpeace #beautiful,nan,nan,nan,nan,#beautiful
169,2020/3/13 22:31,AwesomeKids4,#beautiful #sweet Maternity Support Belt https://t.co/q3C4FYM18C https://t.co/Ld8DAaSlLi,nan,nan,nan,nan,#beautiful #sweet maternity support belt
170,2020/3/13 22:31,amacha_17123,RT @amacha_17123:  (fine)  2020.2.28(),nan,nan,nan,nan,fine
171,2020/3/13 22:31,amacha_17123,RT @amacha_17123:  (fine) 2020.1.9(),nan,nan,nan,nan,fine
172,2020/3/13 22:31,amacha_17123,RT @amacha_17123:  (fine)  2020.1.9(),nan,nan,nan,nan,fine
173,2020/3/13 22:31,amacha_17123,RT @amacha_17123:  (fine)               2019,nan,nan,nan,nan,fine
174,2020/3/13 22:31,mixo72,RT @KathleenLevey: Cotton candy skies  #beautiful,nan,nan,nan,nan,cotton candy skies #beautiful
175,2020/3/13 22:31,amacha_17123,RT @amacha_17123:  (fine) ,nan,nan,nan,nan,fine
176,2020/3/13 22:31,amacha_17123,RT @amacha_17123:  (fine) ,nan,nan,nan,nan,fine
177,2020/3/13 22:31,perfectglutes,RT @Wowsosexygirls: #sexy #beautiful #girls #hot https://t.co/veLXZFnk4g,nan,nan,nan,nan,#sexy #beautiful #girls #hot
178,2020/3/13 22:31,Luciaroblox08,Suscribe a Luciaroblox en YouTube  sgueme en TikTok como Luciaroblox08  #love #beautiful #cute #art #camilacabello #seorita #roblox #foryou #foryoupage #parati https://t.co/8PRHNYCvml,nan,nan,nan,nan,suscribe luciaroblox youtube sgueme tiktok como luciaroblox #love #beautiful #cute #art #camilacabello #seorita #roblox #foryou #foryoupage #parati
179,2020/3/13 22:31,absoluteNZ,RT @absoluteNZ: #Beautiful Scent our invisible friend  #sustainableliving #scent #MakingADifference https://t.co/DUziRkgJaD,nan,nan,nan,nan,#beautiful scent invisible friend #sustainableliving #scent #makingadifference
180,2020/3/13 22:32,welshkunoichi,@Corks10 Just looking back at photos #Beautiful,nan,nan,nan,nan,just looking back photos #beautiful
181,2020/3/13 22:32,KingJefferson1,I wonder if @jaybuchanan_ could tell me if he has had influences from Jeff Buckley? I was just listening to him and wow is there a resemblance  #beautiful #trescends #pleaseanswer #enquiringmindswannaknow,nan,nan,nan,nan,wonder could tell influences from jeff buckley just listening there resemblance #beautiful #trescends #pleaseanswer #enquiringmindswannaknow
182,2020/3/13 22:32,Slixon_en,#beautiful #techie Men's Fashion Hip Hop Loose Hoodies https://t.co/mhooBIXjtx https://t.co/ngWpeejbww,nan,nan,nan,nan,#beautiful #techie fashion loose hoodies
183,2020/3/13 22:33,prettygirlcntys,We strive to encourage women and girls to be confident and embrace their inner and outer Pretty. PRETTY = Positive. Radiant. Educated. Talented. Transformative. You,nan,nan,nan,nan,strive encourage women girls confident embrace their inner outer pretty pretty positive radiant educated talented transformative
184,2020/3/13 22:34,shimaaabdul,RT @AngelaMariabs20: Pssaro danarino ,nan,nan,nan,nan,pssaro danarino
185,2020/3/13 22:34,hairstylemedia,Project Runway's Brittany Allen Gets New Bob with Bangs Hairstyle | https://t.co/F2smdK2rtt | #hair #style #fashion #beautiful #trends #follow,nan,nan,nan,nan,project runway brittany allen gets with bangs hairstyle #hair #style #fashion #beautiful #trends #follow
186,2020/3/13 22:34,shimaaabdul,RT @AngelaMariabs20: Beautiful!!!,nan,nan,nan,nan,beautiful
187,2020/3/13 22:34,bufaris811,RT @oldenchild1952: What a complete angel oh my goodness what a sexy butterfly labia #fat_labia #vagina #beautiful https://t.co/Q79cWhqfmv,nan,nan,nan,nan,what complete angel goodness what sexy butterfly labia #fat labia #vagina #beautiful
188,2020/3/13 22:34,DougBMD,@spdzlla @gibsonguitar #beautiful,nan,nan,nan,nan,#beautiful
189,2020/3/13 22:34,huzursuz555,RT @AngelaMariabs20: Pssaro danarino ,nan,nan,nan,nan,pssaro danarino
190,2020/3/13 22:34,somuthaber,#Bentonite #Clay #Face #Diaper pore face mask #Fine #large https://t.co/oytoBqpQVy,nan,nan,nan,nan,#bentonite #clay #face #diaper pore face mask #fine #large
191,2020/3/13 22:35,Kada_soulayman,It's : 2020-03-13T22:35:17.1031757Z ,nan,nan,nan,nan,
192,2020/3/13 22:35,Nicolygram,because idk... ,nan,nan,nan,nan,because
193,2020/3/13 22:35,Memer312,RT @HotBaby_sexy: #Sexybaby #beautiful #amateur #camgirl  https://t.co/lGtjbHibaR,nan,nan,nan,nan,#sexybaby #beautiful #amateur #camgirl
194,2020/3/13 22:35,PerroCa43014293,RT @pregnancy_pics: #pregnant #cute #beautiful https://t.co/56bPOqdkQ8,nan,nan,nan,nan,#pregnant #cute #beautiful
195,2020/3/13 22:35,jinellebb,Enjoying this beautiful day  #neverendingsummer #beautiful #FridayThe13th #feetpicsforsale https://t.co/8xsRVIvezp,nan,nan,nan,nan,enjoying this beautiful #neverendingsummer #beautiful #fridaythe #feetpicsforsale
196,2020/3/13 22:36,Luscious_Liv,#Toronto #escort #beautiful #stunning #danforth #blueeyes #BlueEyesDomination https://t.co/EInsktc0SK,nan,nan,nan,nan,#toronto #escort #beautiful #stunning #danforth #blueeyes #blueeyesdomination
197,2020/3/13 22:36,itravelinitaly,#Seaside  https://t.co/DuVCfp2Sqk @itravelinitaly #beach #beachlife #beautiful #blue #nature #photography #sand,nan,nan,nan,nan,#seaside #beach #beachlife #beautiful #blue #nature #photography #sand
198,2020/3/13 22:36,Shannon76722,Do you have a choice  anal or blowjob? Choose wisely. #Centennial   #threesome #beautiful https://t.co/TPuD4NDNB3,nan,nan,nan,nan,have choice anal blowjob choose wisely #centennial #threesome #beautiful
199,2020/3/13 22:36,kotohanasake,RT @TheImagingAll: On top of Spain...,nan,nan,nan,nan,spain
200,2020/3/13 22:36,cultureville,Backing away with a smile from all problems this season,nan,nan,nan,nan,backing away with smile from problems this season
201,2020/3/13 22:36,AnimeWorld31,"RT @SuicideGirls: #Beautiful @LauraBrokenDoll is back on the front page with her 17th #photoset  See ""Shades of Pink"" on the #frontpage of",nan,nan,nan,nan,#beautiful back front page with #photoset shades pink #frontpage
202,2020/3/13 22:36,AnimeWorld31,"RT @SuicideGirls: Spend some time on the top floor with #beautiful Lanei in her #MemberReview photoset ""HighRise""  - https://t.co/be6ovMml",nan,nan,nan,nan,spend some time floor with #beautiful lanei #memberreview photoset highrise
203,2020/3/13 22:37,BlueMaxPhoto,Spring in Nature #kelowna #wilden #beautiful #perfect #awesome #okanagan #snow #cool #branches #ground #pine #sticks #walking #hike #hiking #nature https://t.co/Cpv7160bWa https://t.co/PviORKxxYn,nan,nan,nan,nan,spring nature #kelowna #wilden #beautiful #perfect #awesome #okanagan #snow #cool #branches #ground #pine #sticks #walking #hike #hiking #nature
204,2020/3/13 22:37,kumaracing,nan,nan,nan,nan,nan,
205,2020/3/13 22:37,v_ujang,RT @CumshotCity777: Brooklyn Chase gets cum eruption ,nan,nan,nan,nan,brooklyn chase gets eruption
206,2020/3/13 22:37,Ciro21061998,Save my Italy #help ,nan,nan,nan,nan,save italy #help
207,2020/3/13 22:37,DinaRybeiro,RT @Penguin79321781: #Loving #beauty is in my DNA.  I cant #Help from not loving #beautiful #Flowers once I see them.  Taking #pictures of,nan,nan,nan,nan,#loving #beauty cant #help from loving #beautiful #flowers once them taking #pictures
208,2020/3/13 22:37,ReZ4nq9g0a4VNhN,RT @KennethCFilson: #LochDoon #DoonValley #Ayrshire #GallowayForrest #beautiful https://t.co/CGWbedcWvP,nan,nan,nan,nan,#lochdoon #doonvalley #ayrshire #gallowayforrest #beautiful
209,2020/3/13 22:38,ababiesplace,#babygirl #beautiful Cute Fruit Shaped Silicone Baby Teether https://t.co/3HLVwX5HTA https://t.co/pwUd5TwTvg,nan,nan,nan,nan,#babygirl #beautiful cute fruit shaped silicone baby teether
210,2020/3/13 22:38,sassyflies,#Beautiful. #lifegoeson #lovelastsforever #gifts #amazing #blessings,nan,nan,nan,nan,#beautiful #lifegoeson #lovelastsforever #gifts #amazing #blessings
211,2020/3/13 22:38,OffJ3rk,RT @OffJ3rk: #cum #tribute #cumtribute #cumtributevideo #jerkoff,nan,nan,nan,nan,#cum #tribute #cumtribute #cumtributevideo #jerkoff
212,2020/3/13 22:38,OffJ3rk,RT @OffJ3rk: #cum #tribute #cumtribute #cumtributevideo #jerkoff,nan,nan,nan,nan,#cum #tribute #cumtribute #cumtributevideo #jerkoff
213,2020/3/13 22:38,TMC4JMC,T4J Radio is Jamming Ya'll Mariah Carey - #Beautiful (Explicit Version) ft. Miguel ,nan,nan,nan,nan,radio jamming mariah carey #beautiful explicit version miguel
214,2020/3/13 22:38,OffJ3rk,RT @OffJ3rk: #cum #tribute #cumtribute #cumtributevideo #jerkoff,nan,nan,nan,nan,#cum #tribute #cumtribute #cumtributevideo #jerkoff
215,2020/3/13 22:38,OffJ3rk,RT @OffJ3rk: send me a dm for your own cumtribute!!,nan,nan,nan,nan,send your cumtribute
216,2020/3/13 22:39,ClaudetteMendes,RT @AngelaMariabs20: Pssaro danarino ,nan,nan,nan,nan,pssaro danarino
217,2020/3/13 22:39,CuteFluffyAnim1,i can't be the only one who loves chubby cats ,nan,nan,nan,nan,only loves chubby cats
218,2020/3/13 22:39,vl2xr,RT @Hottie174: What a beauty!,nan,nan,nan,nan,what beauty
219,2020/3/13 22:39,NRagnino,nan,nan,nan,nan,nan,
220,2020/3/13 22:39,col_dphoto,Let's dance. #model #beauty #graceful #d810 #tamron2470 #nikon #backlit #ballerina #dance @ Tewkesbury https://t.co/qnPhDzt7Wk,nan,nan,nan,nan,dance #model #beauty #graceful #tamron #nikon #backlit #ballerina #dance tewkesbury
221,2020/3/13 22:39,dick_deplorable,RT @JackLawsome: Sunsets are proof that,nan,nan,nan,nan,sunsets proof that
222,2020/3/13 22:40,huzursuz555,RT @AngelaMariabs20: Beautiful!!!,nan,nan,nan,nan,beautiful
223,2020/3/13 22:40,Kada_soulayman,It's : 2020-03-13T22:40:17.0563172Z ,nan,nan,nan,nan,
224,2020/3/13 22:40,whose_quotes,#Love #quote #motivation #inspiration #life #quotes #quoteoftheday #benjaminfranklin #success #fitness #happy #qotd #lifestyle #poetry #peace #gym #instaquote #instadaily #happiness #workout #fit #photooftheday #bodybuilding #hope #positive #beautiful #s https://t.co/GHhbche51y https://t.co/e66AGYnDdu,nan,nan,nan,nan,#love #quote #motivation #inspiration #life #quotes #quoteoftheday #benjaminfranklin #success #fitness #happy #qotd #lifestyle #poetry #peace #gym #instaquote #instadaily #happiness #workout #fit #photooftheday #bodybuilding #hope #positive #beautiful
225,2020/3/13 22:40,ANERAorg,#Eggplant anyone? Greenhouses Anera donors have built in #Gaza  yield all sorts of fabulous produce   like this #beautiful eggplant. #Palestine #Palestinian #child #food https://t.co/mdcC6uYMZC,nan,nan,nan,nan,#eggplant anyone greenhouses anera donors have built #gaza yield sorts fabulous produce like this #beautiful eggplant #palestine #palestinian #child #food
226,2020/3/13 22:40,HairTherapy_,#beautiful #dress Malaysian Straight Remy Hair Bundles with Closure https://t.co/tzWwyg1V6o https://t.co/vEai5uelhZ,nan,nan,nan,nan,#beautiful #dress malaysian straight remy hair bundles with closure
227,2020/3/13 22:40,Thiago4572,RT @65000silver:  @NataliaForrest1 pic ,nan,nan,nan,nan,
228,2020/3/13 22:41,_ThinkBot,RT @whose_quotes: #Love #quote #motivation #inspiration #life #quotes #quoteoftheday #benjaminfranklin #success #fitness #happy #qotd #life,nan,nan,nan,nan,#love #quote #motivation #inspiration #life #quotes #quoteoftheday #benjaminfranklin #success #fitness #happy #qotd #life
229,2020/3/13 22:41,__novri,#latepost  ,nan,nan,nan,nan,#latepost
230,2020/3/13 22:41,Jj51500571,RT @HotBaby_sexy: #Pussy #beautiful #beauty #colegialascachondas #Sexybaby  https://t.co/KyiIK90isz,nan,nan,nan,nan,#pussy #beautiful #beauty #colegialascachondas #sexybaby
231,2020/3/13 22:42,senior_debra,RT @CONTEMPRA_INN:  #Beautiful #Birds in #Birdsong #Nature @deepblue1920 @CONTEMPRA_INN,nan,nan,nan,nan,#beautiful #birds #birdsong #nature
232,2020/3/13 22:42,HappyLabradors,https://t.co/7UnoIg9n42 Soul Black Labrador Illustration Night Light #retriever #labrador #beautiful #illustration #dog #NightLight #labrador #labradorretriever #cute #gifts #giftideas #cute https://t.co/1OhMPQg1k9,nan,nan,nan,nan,soul black labrador illustration night light #retriever #labrador #beautiful #illustration #dog #nightlight #labrador #labradorretriever #cute #gifts #giftideas #cute
233,2020/3/13 22:43,realJWJ777,#Beautiful #BeaumontTexas!,nan,nan,nan,nan,#beautiful #beaumonttexas
234,2020/3/13 22:43,howarths63,#Bright &amp; #Cheerful #Minky #Quilt,nan,nan,nan,nan,#bright #cheerful #minky #quilt
235,2020/3/13 22:43,DebBRVA,RT @CuteFluffyAnim1: i can't be the only one who loves chubby cats ,nan,nan,nan,nan,only loves chubby cats
236,2020/3/13 22:44,AliHayd07309708,RT @18Rietveld: My favorite cock is Latino Cock. Who wanna be next #tranny #shemale #cocksucker #beautiful #porn #oral #creampie,nan,nan,nan,nan,favorite cock latino cock wanna next #tranny #shemale #cocksucker #beautiful #porn #oral #creampie
237,2020/3/13 22:44,Jeshuae,#love #instagood #me #cute #follow #photooftheday #like #followme #girl #beautiful #picoftheday #happy #summer #instadaily #igers #fun #smile #bestoftheday #instamood #food #instalike #swag #like4like #friends https://t.co/EPHj1bEJMv,nan,nan,nan,nan,#love #instagood #cute #follow #photooftheday #like #followme #girl #beautiful #picoftheday #happy #summer #instadaily #igers #fun #smile #bestoftheday #instamood #food #instalike #swag #like like #friends
238,2020/3/13 22:44,eggplantrobot,RT @ANERAorg: #Eggplant anyone? Greenhouses Anera donors have built in #Gaza  yield all sorts of fabulous produce ,nan,nan,nan,nan,#eggplant anyone greenhouses anera donors have built #gaza yield sorts fabulous produce
239,2020/3/13 22:44,the_real_winsaw,@jesswestxxx so #beautiful what a body  @BSX_Blog @RealRicPorter @UKBabeChannels @dt012e9678 @IanDodds20 @BabeHeavenTV @NakedNetwork https://t.co/kk6oCJs3se,nan,nan,nan,nan,#beautiful what body
240,2020/3/13 22:44,My_Beauty_420,https://t.co/xm4D2acdLK,nan,nan,nan,nan,
241,2020/3/13 22:44,latino8626,RT @212modeling: Every one knows the #Icon Raven Champagne but we have added the #beautiful @moca_baby212 and the #gorgeous  @212_Trinity.,nan,nan,nan,nan,every knows #icon raven champagne have added #beautiful #gorgeous
242,2020/3/13 22:45,GatadoBrasil2,Gata do Brasil @LuanaVipoficial musa perfetta,nan,nan,nan,nan,gata brasil musa perfetta
243,2020/3/13 22:45,AdventureTourCR,This new system will keep #CostaRica cleaner and less polluted,nan,nan,nan,nan,this system will keep #costarica cleaner less polluted
244,2020/3/13 22:45,Kada_soulayman,It's : 2020-03-13T22:45:17.3634912Z ,nan,nan,nan,nan,
245,2020/3/13 22:45,PapagalosE,"RT @Hottie174: ""Monument Valley Morning"" - Photograph by Ryan Smith ",nan,nan,nan,nan,monument valley morning photograph ryan smith
246,2020/3/13 22:45,officialtaylen,Had the best day spoiling mum to high tea  thank you cambewarraestate #viphighteacup #love #fashion #photooftheday #beautiful #happy #cute #hightea @ Cambewarra Estate https://t.co/1prhyiD6X9,nan,nan,nan,nan,best spoiling high thank cambewarraestate #viphighteacup #love #fashion #photooftheday #beautiful #happy #cute #hightea cambewarra estate
247,2020/3/13 22:45,faizairmac,#OxfordStreet #London #photographygram #myphotography #likes #love #TFLer #pictures #beautiful #instagood #photography #samsungnote9 #photooftheday #exposure #followme #composition #focus #capture #moment #raw https://t.co/jvlVMyYnH8,nan,nan,nan,nan,#oxfordstreet #london #photographygram #myphotography #likes #love #tfler #pictures #beautiful #instagood #photography #samsungnote #photooftheday #exposure #followme #composition #focus #capture #moment #raw
248,2020/3/13 22:45,77happyday,RT @Hottie174: What a beauty!,nan,nan,nan,nan,what beauty
249,2020/3/13 22:45,josmo,RT @stunning_curves: @jmac1864 giving @JayleneRio1 a good seeing to in Attack of the Mamazons.,nan,nan,nan,nan,giving good seeing attack mamazons
250,2020/3/13 22:46,babesreal__,make sure to #follow the #sexy and #beautiful,nan,nan,nan,nan,make sure #follow #sexy #beautiful
251,2020/3/13 22:46,BretzArt,3/4#blackandwhite #blackandwhitephotography #bnw #photography #bw #photooftheday #art #photo #monochrome #instagood #picoftheday #streetphotography #insta #photographer #beautiful #canada #canada #explorecanada https://t.co/1luG9nLUwS,nan,nan,nan,nan,#blackandwhite #blackandwhitephotography #bnw #photography #photooftheday #art #photo #monochrome #instagood #picoftheday #streetphotography #insta #photographer #beautiful #canada #canada #explorecanada
252,2020/3/13 22:46,ShimoMedia,GIRLS @jondolla  mistah_fhyf @drodro_thelot went crazy with this one.  COMING SOON @redwallstudiosj  @shimomedia #shimomedia #girls #beautiful #redwallstudio #bayarea #sanfrancisco @ Sacramento,nan,nan,nan,nan,girls mistah fhyf went crazy with this coming soon #shimomedia #girls #beautiful #redwallstudio #bayarea #sanfrancisco sacramento
253,2020/3/13 22:46,JewelryCenturi1,#beautiful #shopping Women's Ring with Silver and Black Hearts https://t.co/EpBV6aXvI5 https://t.co/Yq9CdqNEDX,nan,nan,nan,nan,#beautiful #shopping women ring with silver black hearts
254,2020/3/13 22:47,My_Beauty_420,https://t.co/LqaAHww29v,nan,nan,nan,nan,
255,2020/3/13 22:47,BlackstarCorne1,RT @RoseleneDolce: Potted plants ,nan,nan,nan,nan,potted plants
256,2020/3/13 22:47,Mary75492,Things can easily get lost between them big boobs  #Birmingham   #beautiful #feet https://t.co/227k59AiDE,nan,nan,nan,nan,things easily lost between them boobs #birmingham #beautiful #feet
257,2020/3/13 22:47,TheDarkGift_,RT @SasTrendy: Looking through my phone for research &amp; I'm looking through my pictures like OMG if my friends &amp; family only knew,nan,nan,nan,nan,looking through phone research looking through pictures like friends family only knew
258,2020/3/13 22:47,marciasantossad,RT @RashadaWrites: Happy Friday friends! Have a wonderful day. ,nan,nan,nan,nan,happy friday friends have wonderful
259,2020/3/13 22:48,Princes05808656,RT @RashadaWrites: Happy Friday friends! Have a wonderful day. ,nan,nan,nan,nan,happy friday friends have wonderful
260,2020/3/13 22:48,DavidRayside,I see you,nan,nan,nan,nan,
261,2020/3/13 22:48,PedroGa74385694,RT @HotBaby_sexy: #amateur #onlyfansleak #beautiful #camgirl #Sexybaby #Threesome #Trios  https://t.co/8ORMZEePAQ,nan,nan,nan,nan,#amateur #onlyfansleak #beautiful #camgirl #sexybaby #threesome #trios
262,2020/3/13 22:48,GatadoBrasil2,Musa perfeita @LuanaVipoficial deusa mas sexy ,nan,nan,nan,nan,musa perfeita deusa sexy
263,2020/3/13 22:48,PittsburghBeaut,Beautiful sky in this pic by Anna.  Sent with the Pittsburgh Beautiful app. Thx! #pittsburghbeautiful #pittsburgh #city #citylife #icon #beauty #LovePGH #cityscape #theburgh #art #picoftheday #photo #pictureoftheday #photography #photographer #skyline #beautiful https://t.co/1Ke256Kj2a,nan,nan,nan,nan,beautiful this anna sent with pittsburgh beautiful #pittsburghbeautiful #pittsburgh #city #citylife #icon #beauty #lovepgh #cityscape #theburgh #art #picoftheday #photo #pictureoftheday #photography #photographer #skyline #beautiful
264,2020/3/13 22:48,teddybaerchen1,Shooting im Park mit Corinna #model #girl #woman #portrait #portraitphotography #outdoor #park #beauty #beautiful #frau #outdoorshooting #beautygirl #nice #nicegirl #fotoshooting #portrait_universe #worldofportrait https://t.co/Py1qi3ZM96,nan,nan,nan,nan,shooting park corinna #model #girl #woman #portrait #portraitphotography #outdoor #park #beauty #beautiful #frau #outdoorshooting #beautygirl #nice #nicegirl #fotoshooting #portrait universe #worldofportrait
265,2020/3/13 22:48,wishyouwelI,i dont care if yall hate #beautiful but sis really said whistles https://t.co/vlWeGATmoo,nan,nan,nan,nan,dont care yall hate #beautiful really said whistles
266,2020/3/13 22:48,MrDolmance,RT @vanessakillit: #smile #beautiful #beautifulsmile ,nan,nan,nan,nan,#smile #beautiful #beautifulsmile
267,2020/3/13 22:48,DarthSpader747,@scarlettsgarage @JeffMG68 #Beautiful !! Love to see em run!!! @LienhardRacing @Artstrada @DallasBarnett3 @pillioness @IMSA @Lemansrace @Rolex24Hours @sebringraceway @DISupdates @COTA @WGI @RealWsir @ButtonwillowRW,nan,nan,nan,nan,#beautiful love
268,2020/3/13 22:49,MEGlamour,Whats everyone doing for St. Paddys day in #Orlando ?!  #love #StPaddy #green #bikini #photooftheday #penthouse #cowboy #model #beautiful  #POTD #Irish #stpatricksday @ Mind's Eye Imaging https://t.co/bc3ZIlvqQE,nan,nan,nan,nan,whats everyone doing paddys #orlando #love #stpaddy #green #bikini #photooftheday #penthouse #cowboy #model #beautiful #potd #irish #stpatricksday mind imaging
269,2020/3/13 22:49,michaelfavmusic,I Love it.. https://t.co/dyneMe3GPg,nan,nan,nan,nan,love
270,2020/3/13 22:49,M19871927,RT @HotBaby_sexy: #Sexybaby #HotBabes #beautiful  https://t.co/ZD5sWxtZR8,nan,nan,nan,nan,#sexybaby #hotbabes #beautiful
271,2020/3/13 22:49,teddybaerchen1,Shooting im Park mit Corinna #model #girl #woman #portrait #portraitphotography #outdoor #park #beauty #beautiful #frau #outdoorshooting #beautygirl #nice #nicegirl #fotoshooting #portrait_universe #worldofportrait https://t.co/mTIscAwrM2,nan,nan,nan,nan,shooting park corinna #model #girl #woman #portrait #portraitphotography #outdoor #park #beauty #beautiful #frau #outdoorshooting #beautygirl #nice #nicegirl #fotoshooting #portrait universe #worldofportrait
272,2020/3/13 22:49,BigduckJ,RT @AustinT80442992: Be Savage,nan,nan,nan,nan,savage
273,2020/3/13 22:49,josmo,RT @stunning_curves: Any man would kill for this view of the sensational @autumnfallsxoxo ,nan,nan,nan,nan,would kill this view sensational
274,2020/3/13 22:49,andotorcido,Constelaciones,nan,nan,nan,nan,constelaciones
275,2020/3/13 22:49,JShefani,RT @JackLawsome: Sunsets are proof that,nan,nan,nan,nan,sunsets proof that
276,2020/3/13 22:49,chamisamades,2020/1/4,nan,nan,nan,nan,
277,2020/3/13 22:50,LavvizS,#beautiful #shopping Women's Classic Quartz Watch https://t.co/YVKGvX9ATz https://t.co/PziB8r6SiQ,nan,nan,nan,nan,#beautiful #shopping women classic quartz watch
278,2020/3/13 22:50,BritHour,RT @JWA_2016: #Beautiful #Heart Of The #Ocean #Baby #Blue #Heart #Pendant #Necklace,nan,nan,nan,nan,#beautiful #heart #ocean #baby #blue #heart #pendant #necklace
279,2020/3/13 22:50,BabamoonBaby,RT @KnittedNiceties: Still need a #gift for #MothersDay? Look not further than this #beautiful #giftidea ,nan,nan,nan,nan,still need #gift #mothersday look further than this #beautiful #giftidea
280,2020/3/13 22:50,Kada_soulayman,It's : 2020-03-13T22:50:18.5600521Z ,nan,nan,nan,nan,
281,2020/3/13 22:50,products_hot,RT @howarths63: #Bright &amp; #Cheerful #Minky #Quilt,nan,nan,nan,nan,#bright #cheerful #minky #quilt
282,2020/3/13 22:50,teddybaerchen1,Shooting im Park mit Corinna #model #girl #woman #portrait #portraitphotography #outdoor #park #beauty #beautiful #frau #outdoorshooting #beautygirl #nice #nicegirl #fotoshooting #portrait_universe #worldofportrait https://t.co/VaAylnhRmk,nan,nan,nan,nan,shooting park corinna #model #girl #woman #portrait #portraitphotography #outdoor #park #beauty #beautiful #frau #outdoorshooting #beautygirl #nice #nicegirl #fotoshooting #portrait universe #worldofportrait
